{
    "model": "lradd:gun/nitro_505_geo",
    "texture": "lradd:gun/uv/nitro_505",
    "lod": {
        "model": "lradd:gun/lod/nitro_505_lod",
        "texture": "lradd:gun/lod/nitro_505_lod"
    },
    "hud": "lradd:gun/hud/nitro_505",
    "slot": "lradd:gun/slot/nitro_505",
    "animation": "lradd:nitro_505",
    "use_default_animation": "rifle",
    "third_person_animation": "default",
    "transform": {
        "scale": {
            "thirdperson": [0.45, 0.45, 0.45],
            "ground": [0.45, 0.45, 0.45],
            "fixed": [0.6, 0.6, 0.6]
        }
    },
    "shell": {
        "initial_velocity": [8.0, 5.0, -0.5],
        "random_velocity": [2.5, 1.5, 0.25],
        "acceleration": [0.0, -20, 0.0],
        "angular_velocity": [720, 720, 90],
        "living_time": 1.0
    },
    "sounds": {
        "shoot": "lradd:item/nitro_505_shoot",
        "silence": "lradd:item/nitro_505_fire_s",
        "reload_empty": "lradd:item/nitro_505_reload",
        "reload_tactical": "lradd:item/nitro_505_reload",
        "inspect": "lradd:item/nitro_505_inspect",
        "inspect_empty": "lradd:item/nitro_505_inspect_empty",
        "draw": "lradd:item/nitro_505_draw",
        "put_away": "lradd:item/nitro_505_put_away"
    }
}