{
  "Replace": false,
  "Attributes": {
    "MaxHealth": 10.0,
    "MaxHunger": 10.0,
    "MaxEnergy": 10.0,
    "MovementSpeed": 1.0,
    "Gravity": 0.06,
    "FollowRange": 16.0,
    "AttackDamage": 1.0
  },
  "SpawnData": {
    "SpawnCount": "2-3",
    "SpawnWeight": 3,
    "RandomChance": 10,
    "Biomes": [
      {
        "ID": "minecraft:river"
      }
    ]
  },
  "AI": {
    "TargetGoals": [
      {
        "Priority": 0,
        "ID": "dawnera:target_hunt",
        "SpatialSearch": true,
        "TargetConditions": [
          "dawnera:is_in_water"
        ]
      }
    ],
    "Goals": [
      {
        "Priority": 0,
        "ID": "dawnera:love_timed",
        "Delay": 2000
      },
      {
        "Priority": 0,
        "ID": "dawnera:try_to_find_water",
        "Speed": 1.0
      },
      {
        "Priority": 0,
        "ID": "dawnera:give_birth",
        "Delay": 4
      },
      {
        "Priority": 0,
        "ID": "dawnera:panic_of_damage",
        "WalkSpeed": 1.3,
        "SprintSpeed": 1.3
      },
      {
        "Priority": 0,
        "ID": "dawnera:avoid_entity",
        "MaxDistance": 8,
        "WalkSpeed": 1.3,
        "SprintSpeed": 1.3,
        "TargetConditions": [
          "dawnera:is_player"
        ]
      },
      {
        "Priority": 1,
        "ID": "dawnera:breed_pregnancy",
        "Speed": 1.0
      },
      {
        "Priority": 2,
        "ID": "dawnera:eat_food",
        "Speed": 1.0,
        "HorizontalDistance": 10,
        "VerticalDistance": 10,
        "MaxItemCountCanEat": 1,
        "CanUse": [
          "dawnera:is_in_water"
        ],
        "TargetConditions": [
          "dawnera:is_in_water"
        ],
        "FoodEat": {
          "Actions": [
            "dawnera:play_action,ActionController,eat"
          ]
        }
      },
      {
        "Priority": 4,
        "ID": "dawnera:melee_attack",
        "Speed": 1.3,
        "ShouldSeeTarget": false,
        "CanUse": [
          "dawnera:is_in_water"
        ],
        "PerformAttack": {
          "Conditions": [
            "dawnera:is_no_action"
          ],
          "Actions": [
            "dawnera:focus_on_target",
            "dawnera:play_action,ActionController,attack"
          ]
        }
      },
      {
        "Priority": 4,
        "ID": "dawnera:follow_entity",
        "Speed": 1.0,
        "VisibilityDistance": 8,
        "AcceptableDistance": 2,
        "TargetConditions": [
          "dawnera:is_entity_type,dawnera:coelacanth"
        ]
      },
      {
        "Priority": 6,
        "ID": "dawnera:random_stroll",
        "Speed": 0.8,
        "Interval": 40,
        "PositionChooser": "WATER"
      }
    ]
  },
  "StateMachine": [
    {
      "ID": "ActionController",
      "Actions": [
        {
          "ID": "attack",
          "Length": 0.48
        },
        {
          "ID": "eat",
          "Length": 0.48
        }
      ]
    }
  ],
  "FoodRation": {
    "Items": [
      {
        "ID": "dawnera:worm"
      },
      {
        "ID": "minecraft:frogspawn"
      },
      {
        "ID": "dawnera:sabertooth_salmon_roe"
      },
      {
        "ID": "dawnera:sturgeon_roe"
      },
      {
        "ID": "dawnera:alligator_gar_roe"
      }
    ],
    "Entities": [
      {
        "ID": "dawnera:pond_snail"
      },
      {
        "ID": "dawnera:worm"
      },
      {
        "ID": "minecraft:cod"
      },
      {
        "ID": "minecraft:tropical_fish"
      }
    ]
  }
}