{
  "Replace": false,
  "PassengerZoom": 4,
  "RidingSpeed": 0.25,
  "RidingSprintSpeed": 1.85,
  "PushModifier": 0,
  "StepHeight": 1.5,
  "ExperienceDrop": "15-25",
  "CanSprint": true,
  "CanBreakLeaves": true,
  "CanDropTrees": true,
  "CanWearArmor": true,
  "RequiresSaddle": true,
  "Rideable": true,
  "Tamable": true,
  "Attributes": {
    "MaxHealth": 180.0,
    "MaxHunger": 80.0,
    "MaxEnergy": 250.0,
    "Armor": 18.0,
    "MovementSpeed": 0.2,
    "SwimSpeed": 2.0,
    "KnockbackResistance": 1.0,
    "FollowRange": 48.0,
    "AttackDamage": 8.0,
    "AttackKnockback": 2.25
  },
  "TameMethod": {
    "ID": "dawnera:feed_from_ground",
    "Chance": 1
  },
  "SpawnData": {
    "SpawnCount": "2-3",
    "SpawnWeight": 1,
    "RandomChance": 0.5,
    "Biomes": [
      {
        "ID": "minecraft:savanna"
      }
    ]
  },
  "AI": {
    "TargetGoals": [
      {
        "Priority": 0,
        "ID": "dawnera:target_hit_by_owner"
      },
      {
        "Priority": 1,
        "ID": "dawnera:target_owner_hit_by"
      },
      {
        "Priority": 1,
        "ID": "dawnera:target_hit_by",
        "AlertOthers": true
      },
      {
        "Priority": 1,
        "ID": "dawnera:target_has_baby"
      },
      {
        "Priority": 2,
        "ID": "dawnera:target_guard_territory",
        "AwareDistance": 10,
        "CanAttackDistance": 6,
        "CanUse": [
          "dawnera:is_not_tamed",
          "dawnera:is_grown_up",
          "dawnera:is_not_sleeping",
          "dawnera:has_no_rider",
          "dawnera:is_no_action",
          "dawnera:is_not_in_water"
        ],
        "TargetConditions": "dawnera:is_player || dawnera:is_big || dawnera:is_giant",
        "ShouldCanBeUsedToContinue": true,
        "TryToAware": {
          "Actions": [
            "dawnera:stop_action,StateController",
            "dawnera:look_at_target",
            "dawnera:stop_navigation",
            "dawnera:anger_particles",
            "dawnera:play_action,ActionController,scream"
          ]
        }
      }
    ],
    "Goals": [
      {
        "Priority": 0,
        "ID": "dawnera:float_on_water"
      },
      {
        "Priority": 0,
        "ID": "dawnera:love_timed",
        "Delay": 5000
      },
      {
        "Priority": 1,
        "ID": "dawnera:avoid_low_health",
        "WalkSpeed": 1.9,
        "SprintSpeed": 1.9,
        "MaxDistance": 20
      },
      {
        "Priority": 2,
        "ID": "dawnera:panic_of_damage",
        "WalkSpeed": 1.9,
        "SprintSpeed": 1.9,
        "CanUse": [
          "dawnera:is_baby"
        ]
      },
      {
        "Priority": 2,
        "ID": "dawnera:lay_egg",
        "Speed": 0.8,
        "EggBlock": "dawnera:triceratops_egg",
        "PositionChooser": "LAND"
      },
      {
        "Priority": 2,
        "ID": "dawnera:breed_pregnancy",
        "Speed": 0.8
      },
      {
        "Priority": 2,
        "ID": "dawnera:melee_attack",
        "Speed": 1.9,
        "MeleeRange": 1.5,
        "ShouldSeeTarget": false,
        "CanUse": [
          "dawnera:is_not_sleeping",
          "dawnera:is_grown_up"
        ],
        "StartAggression": {
          "Conditions": [
            "dawnera:is_not_in_water"
          ],
          "Actions": [
            "dawnera:stop_action,StateController",
            "dawnera:play_action,ActionController,scream"
          ]
        },
        "PerformAttack": {
          "Conditions": [
            "dawnera:is_no_action"
          ],
          "Actions": [
            "dawnera:focus_on_target",
            "dawnera:play_action,ActionController,attack"
          ]
        }
      },
      {
        "Priority": 3,
        "ID": "dawnera:follow_owner",
        "Speed": 1.9,
        "StartFollowDistance": 7,
        "StopFollowDistance": 3,
        "TeleportDistance": 20,
        "CanFly": false
      },
      {
        "Priority": 4,
        "ID": "dawnera:eat_food",
        "Speed": 0.8,
        "HorizontalDistance": 20,
        "VerticalDistance": 3,
        "MaxItemCountCanEat": 8,
        "CanUse": [
          "dawnera:has_no_rider",
          "dawnera:is_no_action",
          "dawnera:is_not_sleeping_or_resting",
          "dawnera:is_not_in_water"
        ],
        "ShouldCanBeUsedToContinue": true,
        "FoodEat": {
          "Actions": [
            "dawnera:play_action,ActionController,eat"
          ]
        }
      },
      {
        "Priority": 4,
        "ID": "dawnera:eat_block",
        "Speed": 0.8,
        "HorizontalDistance": 10,
        "VerticalDistance": 2,
        "Interval": 200,
        "AcceptableDistance": 2.5,
        "Blocks": [
          {
            "ID": "minecraft:grass"
          },
          {
            "ID": "minecraft:tall_grass"
          },
          {
            "ID": "minecraft:wheat"
          }
        ],
        "CanUse": [
          "dawnera:has_no_rider",
          "dawnera:is_no_action",
          "dawnera:is_not_sleeping_or_resting",
          "dawnera:is_not_in_water"
        ],
        "ShouldCanBeUsedToContinue": true,
        "AchievePos": {
          "Actions": [
            "dawnera:play_action,ActionController,eat"
          ]
        }
      },
      {
        "Priority": 4,
        "ID": "dawnera:follow_entity",
        "Speed": 0.8,
        "VisibilityDistance": 48,
        "AcceptableDistance": 20,
        "CanUse": [
          "dawnera:is_not_tamed",
          "dawnera:is_not_sleeping"
        ],
        "CanContinueUse": [
          "dawnera:is_not_tamed",
          "dawnera:is_not_sleeping"
        ],
        "TargetConditions": [
          "dawnera:is_entity_type,dawnera:triceratops"
        ]
      },
      {
        "Priority": 4,
        "ID": "dawnera:follow_parent",
        "Speed": 1.9,
        "VisibilityDistance": 10,
        "AcceptableDistance": 8
      },
      {
        "Priority": 5,
        "ID": "dawnera:look_around"
      },
      {
        "Priority": 6,
        "ID": "dawnera:random_stroll",
        "Speed": 0.8,
        "PositionChooser": "LAND"
      }
    ]
  },
  "StateMachine": [
    {
      "ID": "ActionController",
      "Actions": [
        {
          "ID": "attack",
          "Length": 0.84
        },
        {
          "ID": "scream",
          "Length": 2.8
        },
        {
          "ID": "down",
          "Length": 1.8
        },
        {
          "ID": "fall_asleep",
          "Length": 1.36
        },
        {
          "ID": "wake_up",
          "Length": 1.32
        },
        {
          "ID": "up",
          "Length": 1.52
        },
        {
          "ID": "eat",
          "Length": 5.56
        }
      ]
    },
    {
      "ID": "StateController",
      "Actions": [
        {
          "ID": "rest"
        },
        {
          "ID": "sleep"
        }
      ]
    }
  ],
  "FoodRation": {
    "Items": [
      {
        "Tag": "dawnera:plant_food"
      },
      {
        "Tag": "dawnera:fruit_food"
      }
    ]
  },
  "MobSchedule": {
    "Conditions": [
      "dawnera:is_alive",
      "dawnera:is_on_ground",
      "dawnera:has_no_target"
    ],
    "Tasks": [
      {
        "Start": "23:00",
        "End": "23:20",
        "Actions": [
          "dawnera:lie_down"
        ]
      },
      {
        "Start": "23:20",
        "End": "06:00",
        "Actions": [
          "dawnera:sleep"
        ]
      },
      {
        "Start": "06:10",
        "End": "06:20",
        "Actions": [
          "dawnera:wake_up"
        ]
      },
      {
        "Start": "06:20",
        "End": "23:00",
        "Actions": [
          "dawnera:stand_up"
        ]
      }
    ]
  },
  "InputControls": {
    "Buttons": [
      {
        "ID": "attack",
        "Type": "mouse",
        "Action": "on_click",
        "Button": "mouse_button_left",
        "Cooldown": 40
      },
      {
        "ID": "roar",
        "Type": "mouse",
        "Action": "on_click",
        "Button": "mouse_button_right",
        "Cooldown": 40
      }
    ]
  }
}