{
  "ammo": "tacz:338",
  "ammo_amount": 5,
  "extended_mag_ammo_amount": [
    8,
    8,
    8
  ],
  "bolt": "manual_action",
  "rpm": 171,
  "bullet": {
    "life": 0.9,
    "bullet_amount": 1,
    "damage": 26,
    "tracer_count_interval": 0,
    "extra_damage": {
      "armor_ignore": 0.90,
      "head_shot_multiplier": 3,
      "damage_adjust": [
        {"distance": 10, "damage": 30},
        {"distance": 60, "damage": 26},
        {"distance": 120, "damage": 24},
        {"distance": "infinite", "damage": 22}
      ]
    },
    "speed": 450,
    "gravity": 0.0245,
    "knockback": 0,
    "friction": 0.012,
    "ignite": false,
    "pierce": 3
  },
  "reload": {
    "type": "magazine",
    "feed": {
      "empty": 2.85,
      "tactical": 2.05
    },
    "cooldown": {
      "empty": 3.25,
      "tactical": 2.25
    }
  },
  "draw_time": 0.5,
  "put_away_time": 0.75,
  "aim_time": 0.1,
  "sprint_time": 0.25,
  "bolt_action_time": 1,
  "fire_mode": [
    "semi"
  ],
  "recoil": {
    "pitch": [
      {"time": 0, "value": [2.2, 2.2]},
      {"time": 0.32, "value": [2.2, 2.2]},
      {"time": 0.57, "value": [-0.5, -0.5]},
      {"time": 0.82, "value": [0.25, 0.25]},
      {"time": 1.17, "value": [0, 0]},
      {"time": 1.47, "value": [0, 0]}
    ],
    "yaw": [
      {"time": 0, "value": [-0.6, -0.5]},
      {"time": 0.32, "value": [-0.6, -0.5]},
      {"time": 0.57, "value": [0, 0]}
    ]
  },
  "inaccuracy": {
    "stand": 2.5,
    "move": 6.5,
    "sneak": 2.25,
    "lie": 2,
    "aim": 0.015
  },
  "allow_attachment_types": [
    "scope"
  ],
  "exclusive_attachments": {
    "tacz:scope_standard_8x": {
      "weight": 2.0,
      "ads_addend": 0.04,
      "inaccuracy_addend": -0.4,
      "recoil_modifier": {
        "pitch": -0.2,
        "yaw": -0.1
      }
    }
  }
}