{
  
  "ammo": "tacz:762x39",

  "ammo_amount": 30,
  "extended_mag_ammo_amount": [
    35,
    40,
    50
  ],
  "bolt": "open_bolt",
  "rpm": 540,
  "bullet": {
    // 寿命，单位秒
    "life": 0.9,
    // 用于霰弹，默认为 1，每发的伤害 / bullet_amount，每次射击扣除一发子弹
    "bullet_amount": 1,
    // 伤害
    "damage": 9.5,
    // 曳光弹间隔数量，没有此字段则不发射曳光弹
    // 设置为 0 则是每发都是曳光弹
    "tracer_count_interval": 0,
    // 额外伤害的内容，为空则表示没有任何额外伤害计算内容
    "extra_damage": {
      // 护甲穿透率，默认为 0，也就是没有穿甲伤害
      "armor_ignore": 0.35,
      // 爆头伤害 x1.5
      "head_shot_multiplier": 2.3,
      // 距离-伤害分段常函数
      "damage_adjust": [
        {"distance": 5, "damage": 10},
        {"distance": 25, "damage": 9.5},
        {"distance": 50, "damage": 8.5},
        {"distance": "infinite", "damage": 7}
      ]
    },
    // 速度 m/s
    "speed": 320,
    // 重力
    "gravity": 0.0245,
    // 击退效果
    "knockback": 0,
    // 阻力
    "friction": 0.01,
    // 点燃目标
    "ignite": false,
    // 穿透数
    "pierce": 2
    // 是否爆炸，没有此字段时为 false
    //"explosion": {
    //  "radius": 5
    //}
  },
  "reload": {
    "type": "magazine",
    "feed": {
      "empty": 3,
      "tactical": 2
    },
    "cooldown": {
      "empty": 3.4167,
      "tactical": 2.375
    }
  },
  "draw_time": 0.5,
  "put_away_time": 0.4,
  "aim_time": 0.15,
  "sprint_time": 0.25,
  "fire_mode": [
    "auto",
    "semi"
  ],
  "recoil": {
    "pitch": [
      {"time": 0, "value": [0.8, 0.8]},
      {"time": 0.15, "value": [0.8,0.8]},
      {"time": 0.5, "value": [0.2, 0.2]},
      {"time": 0.85, "value": [0.45, 0.45]}
    ],
    "yaw": [
      {"time": 0, "value": [-0.15, 0.15]},
      {"time": 0.20, "value": [0, 0]},
      {"time": 0.7, "value": [-0.05, 0.05]}
    ]
  },
  "inaccuracy": {
    "stand": 1.45,
    "move": 2.1,
    "sneak": 1.0,
    "lie": 1.0,
    "aim": 0.075
  },
  "move_speed": {
    "base": 0.85,
    // 瞄准情况
    "aim": 0.68
  },
  // 开放的配件槽。未指定的槽位默认关闭。全部配件槽类型有:
  // scope, stock, muzzle, grip, laser, extended_mag
  "allow_attachment_types": [
    "scope",
    "stock",
    "muzzle",
    "grip",
    "laser",
    "extended_mag"
  ]
}