{
	"format_version": "1.12.0",
	"minecraft:geometry": [
		{
			"description": {
				"identifier": "geometry.scope_elcan_4x",
				"texture_width": 256,
				"texture_height": 256,
				"visible_bounds_width": 8,
				"visible_bounds_height": 5,
				"visible_bounds_offset": [0, 0.5, 0]
			},
			"bones": [
				{
					"name": "scope_body",
					"pivot": [0, 0, 0]
				},
				{
					"name": "lens",
					"parent": "scope_body",
					"pivot": [0, 8.325, -3.4625],
					"cubes": [
						{
							"origin": [-0.08485, 0.75043, -4.9375],
							"size": [0.7875, 1.8, 0.225],
							"pivot": [0.01917, 1.33359, -2.02656],
							"rotation": [0, 0, -45],
							"uv": {
								"north": {"uv": [3, 17], "uv_size": [1, 2]}
							}
						},
						{
							"origin": [-0.30985, 0.89106, -4.9375],
							"size": [0.225, 1.51875, 0.225],
							"pivot": [0.01917, 1.33359, -2.02656],
							"rotation": [0, 0, -45],
							"uv": {
								"north": {"uv": [45, 29], "uv_size": [0.5, 1.5]}
							}
						},
						{
							"origin": [-0.53485, 1.08793, -4.9375],
							"size": [0.225, 1.125, 0.225],
							"pivot": [0.01917, 1.33359, -2.02656],
							"rotation": [0, 0, -45],
							"uv": {
								"north": {"uv": [50, 2], "uv_size": [0.5, 1]}
							}
						},
						{
							"origin": [0.92765, 1.08793, -4.9375],
							"size": [0.225, 1.125, 0.225],
							"pivot": [0.01917, 1.33359, -2.02656],
							"rotation": [0, 0, -45],
							"uv": {
								"north": {"uv": [4, 50], "uv_size": [0.5, 1]}
							}
						},
						{
							"origin": [0.70265, 0.89106, -4.9375],
							"size": [0.225, 1.51875, 0.225],
							"pivot": [0.01917, 1.33359, -2.02656],
							"rotation": [0, 0, -45],
							"uv": {
								"north": {"uv": [31, 45], "uv_size": [0.5, 1.5]}
							}
						}
					]
				},
				{
					"name": "elcan",
					"parent": "scope_body",
					"pivot": [0, 7.2, 0],
					"cubes": [
						{
							"origin": [0.27823, 0.77657, -3.72343],
							"size": [1.001, 0.375, 1.5],
							"uv": {
								"west": {"uv": [128, 0], "uv_size": [128, 32]}
							}
						}
					]
				},
				{
					"name": "group2",
					"parent": "elcan",
					"pivot": [0.01758, 7.82157, -0.75937],
					"cubes": [
						{
							"origin": [-0.675, -0.2625, -4.0625],
							"size": [1.35, 0.28125, 1.125],
							"uv": {
								"north": {"uv": [31, 10], "uv_size": [1.5, 0.5]},
								"east": {"uv": [45, 32], "uv_size": [1, 0.5]},
								"south": {"uv": [31, 12], "uv_size": [1.5, 0.5]},
								"west": {"uv": [33, 45], "uv_size": [1, 0.5]},
								"up": {"uv": [19, 0], "uv_size": [1.5, 1]},
								"down": {"uv": [2, 21], "uv_size": [1.5, -1]}
							}
						},
						{
							"origin": [-0.675, 0.01875, -4.37187],
							"size": [1.35, 0.225, 4.13437],
							"uv": {
								"north": {"uv": [16, 31], "uv_size": [1.5, 0.5]},
								"east": {"uv": [15, 2], "uv_size": [4, 0.5]},
								"south": {"uv": [31, 18], "uv_size": [1.5, 0.5]},
								"west": {"uv": [16, 4], "uv_size": [4, 0.5]},
								"up": {"uv": [0, 0], "uv_size": [1.5, 4]},
								"down": {"uv": [3, 4], "uv_size": [1.5, -4]}
							}
						},
						{
							"origin": [-0.675, -0.2625, -1.8125],
							"size": [1.35, 0.28125, 0.9],
							"uv": {
								"north": {"uv": [19, 31], "uv_size": [1.5, 0.5]},
								"east": {"uv": [45, 34], "uv_size": [1, 0.5]},
								"south": {"uv": [31, 20], "uv_size": [1.5, 0.5]},
								"west": {"uv": [45, 36], "uv_size": [1, 0.5]},
								"up": {"uv": [20, 2], "uv_size": [1.5, 1]},
								"down": {"uv": [5, 21], "uv_size": [1.5, -1]}
							}
						},
						{
							"origin": [-0.675, -0.26237, -1.84031],
							"size": [1.35, 0.45, 0.225],
							"pivot": [0.01917, 1.33359, -2.27656],
							"rotation": [-45, 0, 0],
							"uv": {
								"north": {"uv": [22, 31], "uv_size": [1.5, 0.5]},
								"east": {"uv": [50, 6], "uv_size": [0.5, 0.5]},
								"south": {"uv": [31, 22], "uv_size": [1.5, 0.5]},
								"west": {"uv": [8, 50], "uv_size": [0.5, 0.5]},
								"up": {"uv": [31, 24], "uv_size": [1.5, 0.5]},
								"down": {"uv": [31, 26.5], "uv_size": [1.5, -0.5]}
							}
						},
						{
							"origin": [-0.675, -0.12316, -3.07703],
							"size": [1.35, 0.45, 0.225],
							"pivot": [0.01917, 1.33359, -2.27656],
							"rotation": [45, 0, 0],
							"uv": {
								"north": {"uv": [31, 28], "uv_size": [1.5, 0.5]},
								"east": {"uv": [50, 8], "uv_size": [0.5, 0.5]},
								"south": {"uv": [29, 31], "uv_size": [1.5, 0.5]},
								"west": {"uv": [10, 50], "uv_size": [0.5, 0.5]},
								"up": {"uv": [0, 32], "uv_size": [1.5, 0.5]},
								"down": {"uv": [32, 0.5], "uv_size": [1.5, -0.5]}
							}
						},
						{
							"origin": [-0.675, 1.16952, -0.40842],
							"size": [1.35, 0.45, 0.225],
							"pivot": [0.01917, 1.33359, -2.27656],
							"rotation": [-45, 0, 0],
							"uv": {
								"north": {"uv": [32, 2], "uv_size": [1.5, 0.5]},
								"east": {"uv": [12, 50], "uv_size": [0.5, 0.5]},
								"south": {"uv": [3, 32], "uv_size": [1.5, 0.5]},
								"west": {"uv": [14, 50], "uv_size": [0.5, 0.5]},
								"up": {"uv": [32, 4], "uv_size": [1.5, 0.5]},
								"down": {"uv": [32, 6.5], "uv_size": [1.5, -0.5]}
							}
						},
						{
							"origin": [-0.45, 0.01875, -0.2375],
							"size": [0.9, 0.225, 0.225],
							"uv": {
								"north": {"uv": [45, 38], "uv_size": [1, 0.5]},
								"east": {"uv": [50, 14], "uv_size": [0.5, 0.5]},
								"south": {"uv": [41, 45], "uv_size": [1, 0.5]},
								"west": {"uv": [16, 50], "uv_size": [0.5, 0.5]},
								"up": {"uv": [43, 45], "uv_size": [1, 0.5]},
								"down": {"uv": [45, 45.5], "uv_size": [1, -0.5]}
							}
						},
						{
							"origin": [0.97016, 0.01875, -0.56887],
							"size": [0.31819, 0.225, 0.225],
							"pivot": [0.01917, 1.33359, -2.27656],
							"rotation": [0, -45, 0],
							"uv": {
								"north": {"uv": [50, 16], "uv_size": [0.5, 0.5]},
								"east": {"uv": [18, 50], "uv_size": [0.5, 0.5]},
								"south": {"uv": [50, 18], "uv_size": [0.5, 0.5]},
								"west": {"uv": [20, 50], "uv_size": [0.5, 0.5]},
								"up": {"uv": [50, 20], "uv_size": [0.5, 0.5]},
								"down": {"uv": [22, 50.5], "uv_size": [0.5, -0.5]}
							}
						},
						{
							"origin": [-1.27712, 0.01875, -0.59599],
							"size": [0.3182, 0.225, 0.225],
							"pivot": [0.01917, 1.33359, -2.27656],
							"rotation": [0, 45, 0],
							"uv": {
								"north": {"uv": [50, 22], "uv_size": [0.5, 0.5]},
								"east": {"uv": [24, 50], "uv_size": [0.5, 0.5]},
								"south": {"uv": [28, 50], "uv_size": [0.5, 0.5]},
								"west": {"uv": [30, 50], "uv_size": [0.5, 0.5]},
								"up": {"uv": [36, 50], "uv_size": [0.5, 0.5]},
								"down": {"uv": [47, 50.5], "uv_size": [0.5, -0.5]}
							}
						},
						{
							"origin": [-0.675, 1.46783, -4.66801],
							"size": [1.35, 0.45, 0.225],
							"pivot": [0.01917, 1.33359, -2.27656],
							"rotation": [45, 0, 0],
							"uv": {
								"north": {"uv": [10, 32], "uv_size": [1.5, 0.5]},
								"east": {"uv": [51, 4], "uv_size": [0.5, 0.5]},
								"south": {"uv": [13, 32], "uv_size": [1.5, 0.5]},
								"west": {"uv": [6, 51], "uv_size": [0.5, 0.5]},
								"up": {"uv": [32, 14], "uv_size": [1.5, 0.5]},
								"down": {"uv": [32, 16.5], "uv_size": [1.5, -0.5]}
							}
						}
					]
				},
				{
					"name": "mount",
					"parent": "elcan",
					"pivot": [-0.05971, 7.60782, 0.30325],
					"cubes": [
						{
							"origin": [-1.05469, 0.01875, -5.91875],
							"size": [0.42187, 0.5625, 0.28125],
							"uv": {
								"north": {"uv": [51, 10], "uv_size": [0.5, 0.5]},
								"east": {"uv": [51, 12], "uv_size": [0.5, 0.5]},
								"south": {"uv": [51, 24], "uv_size": [0.5, 0.5]},
								"west": {"uv": [26, 51], "uv_size": [0.5, 0.5]},
								"up": {"uv": [51, 26], "uv_size": [0.5, 0.5]},
								"down": {"uv": [51, 28.5], "uv_size": [0.5, -0.5]}
							}
						},
						{
							"origin": [-1.05469, 0.01875, -5.6375],
							"size": [0.42187, 0.84375, 1.26563],
							"uv": {
								"north": {"uv": [0, 46], "uv_size": [0.5, 1]},
								"east": {"uv": [20, 12], "uv_size": [1.5, 1]},
								"south": {"uv": [2, 46], "uv_size": [0.5, 1]},
								"west": {"uv": [20, 14], "uv_size": [1.5, 1]},
								"up": {"uv": [25, 31], "uv_size": [0.5, 1.5]},
								"down": {"uv": [27, 33.5], "uv_size": [0.5, -1.5]}
							}
						},
						{
							"origin": [-1.05469, -1.77381, -4.31999],
							"size": [0.42187, 0.39774, 0.28125],
							"pivot": [0.01917, 1.33359, -2.27656],
							"rotation": [-45, 0, 0],
							"uv": {
								"north": {"uv": [51, 30], "uv_size": [0.5, 0.5]},
								"east": {"uv": [32, 51], "uv_size": [0.5, 0.5]},
								"south": {"uv": [51, 32], "uv_size": [0.5, 0.5]},
								"west": {"uv": [34, 51], "uv_size": [0.5, 0.5]},
								"up": {"uv": [51, 34], "uv_size": [0.5, 0.5]},
								"down": {"uv": [51, 36.5], "uv_size": [0.5, -0.5]}
							}
						},
						{
							"origin": [0.63281, 0.01875, -5.91875],
							"size": [0.42187, 0.5625, 0.28125],
							"uv": {
								"north": {"uv": [38, 51], "uv_size": [0.5, 0.5]},
								"east": {"uv": [51, 38], "uv_size": [0.5, 0.5]},
								"south": {"uv": [40, 51], "uv_size": [0.5, 0.5]},
								"west": {"uv": [51, 40], "uv_size": [0.5, 0.5]},
								"up": {"uv": [42, 51], "uv_size": [0.5, 0.5]},
								"down": {"uv": [51, 42.5], "uv_size": [0.5, -0.5]}
							}
						},
						{
							"origin": [0.63281, 0.01875, -5.6375],
							"size": [0.42187, 0.84375, 1.26563],
							"uv": {
								"north": {"uv": [46, 2], "uv_size": [0.5, 1]},
								"east": {"uv": [20, 16], "uv_size": [1.5, 1]},
								"south": {"uv": [4, 46], "uv_size": [0.5, 1]},
								"west": {"uv": [20, 18], "uv_size": [1.5, 1]},
								"up": {"uv": [32, 30], "uv_size": [0.5, 1.5]},
								"down": {"uv": [6, 34.5], "uv_size": [0.5, -1.5]}
							}
						},
						{
							"origin": [0.63281, -1.77381, -4.31999],
							"size": [0.42187, 0.39774, 0.28125],
							"pivot": [0.01917, 1.33359, -2.27656],
							"rotation": [-45, 0, 0],
							"uv": {
								"north": {"uv": [44, 51], "uv_size": [0.5, 0.5]},
								"east": {"uv": [51, 44], "uv_size": [0.5, 0.5]},
								"south": {"uv": [51, 46], "uv_size": [0.5, 0.5]},
								"west": {"uv": [51, 48], "uv_size": [0.5, 0.5]},
								"up": {"uv": [49, 51], "uv_size": [0.5, 0.5]},
								"down": {"uv": [51, 50.5], "uv_size": [0.5, -0.5]}
							}
						},
						{
							"origin": [-0.63282, 0.01875, -5.70781],
							"size": [1.26563, 0.70312, 1.33594],
							"uv": {
								"north": {"uv": [16, 33], "uv_size": [1.5, 0.5]},
								"east": {"uv": [19, 33], "uv_size": [1.5, 0.5]},
								"south": {"uv": [22, 33], "uv_size": [1.5, 0.5]},
								"west": {"uv": [29, 33], "uv_size": [1.5, 0.5]},
								"up": {"uv": [15, 10], "uv_size": [1.5, 1.5]},
								"down": {"uv": [11, 16.5], "uv_size": [1.5, -1.5]}
							}
						},
						{
							"origin": [0.84375, -1.03657, -3.98049],
							"size": [0.21093, 0.42188, 0.28125],
							"pivot": [0.01917, 1.33359, -2.27656],
							"rotation": [-45, 0, 0],
							"uv": {
								"north": {"uv": [0, 52], "uv_size": [0.5, 0.5]},
								"east": {"uv": [52, 0], "uv_size": [0.5, 0.5]},
								"south": {"uv": [2, 52], "uv_size": [0.5, 0.5]},
								"west": {"uv": [52, 2], "uv_size": [0.5, 0.5]},
								"up": {"uv": [4, 52], "uv_size": [0.5, 0.5]},
								"down": {"uv": [52, 6.5], "uv_size": [0.5, -0.5]}
							}
						},
						{
							"origin": [0.84375, 0.80718, -4.79375],
							"size": [0.21093, 1.40625, 2.12695],
							"uv": {
								"north": {"uv": [8, 33], "uv_size": [0.5, 1.5]},
								"east": {"uv": [4, 10], "uv_size": [2, 1.5]},
								"south": {"uv": [32, 33], "uv_size": [0.5, 1.5]},
								"west": {"uv": [7, 11], "uv_size": [2, 1.5]},
								"up": {"uv": [2, 26], "uv_size": [0.5, 2]},
								"down": {"uv": [4, 28], "uv_size": [0.5, -2]}
							}
						},
						{
							"origin": [-1.26563, 0.65157, -3.95],
							"size": [2.53125, 0.28125, 1.96875],
							"uv": {
								"north": {"uv": [23, 2], "uv_size": [2.5, 0.5]},
								"east": {"uv": [10, 26], "uv_size": [2, 0.5]},
								"south": {"uv": [18, 24], "uv_size": [2.5, 0.5]},
								"west": {"uv": [16, 26], "uv_size": [2, 0.5]},
								"up": {"uv": [0, 5], "uv_size": [2.5, 2]},
								"down": {"uv": [4, 7], "uv_size": [2.5, -2]}
							}
						},
						{
							"origin": [-1.05468, 0.80718, -4.79375],
							"size": [0.21093, 1.40625, 2.12695],
							"uv": {
								"north": {"uv": [0, 34], "uv_size": [0.5, 1.5]},
								"east": {"uv": [10, 11], "uv_size": [2, 1.5]},
								"south": {"uv": [2, 34], "uv_size": [0.5, 1.5]},
								"west": {"uv": [0, 13], "uv_size": [2, 1.5]},
								"up": {"uv": [19, 26], "uv_size": [0.5, 2]},
								"down": {"uv": [21, 28], "uv_size": [0.5, -2]}
							}
						},
						{
							"origin": [-1.05469, -1.03657, -3.98049],
							"size": [0.21094, 0.42188, 0.28125],
							"pivot": [0.01917, 1.33359, -2.27656],
							"rotation": [-45, 0, 0],
							"uv": {
								"north": {"uv": [8, 52], "uv_size": [0.5, 0.5]},
								"east": {"uv": [52, 8], "uv_size": [0.5, 0.5]},
								"south": {"uv": [10, 52], "uv_size": [0.5, 0.5]},
								"west": {"uv": [12, 52], "uv_size": [0.5, 0.5]},
								"up": {"uv": [14, 52], "uv_size": [0.5, 0.5]},
								"down": {"uv": [52, 14.5], "uv_size": [0.5, -0.5]}
							}
						},
						{
							"origin": [-1.05469, -0.68301, -4.27171],
							"size": [0.21094, 0.91406, 0.5625],
							"pivot": [0.01917, 1.33359, -2.27656],
							"rotation": [-22.5, 0, 0],
							"uv": {
								"north": {"uv": [46, 7], "uv_size": [0.5, 1]},
								"east": {"uv": [9, 46], "uv_size": [0.5, 1]},
								"south": {"uv": [46, 9], "uv_size": [0.5, 1]},
								"west": {"uv": [11, 46], "uv_size": [0.5, 1]},
								"up": {"uv": [16, 52], "uv_size": [0.5, 0.5]},
								"down": {"uv": [52, 16.5], "uv_size": [0.5, -0.5]}
							}
						},
						{
							"origin": [0.84375, -0.68301, -4.27171],
							"size": [0.21093, 0.91406, 0.5625],
							"pivot": [0.01917, 1.33359, -2.27656],
							"rotation": [-22.5, 0, 0],
							"uv": {
								"north": {"uv": [15, 46], "uv_size": [0.5, 1]},
								"east": {"uv": [17, 46], "uv_size": [0.5, 1]},
								"south": {"uv": [19, 46], "uv_size": [0.5, 1]},
								"west": {"uv": [46, 19], "uv_size": [0.5, 1]},
								"up": {"uv": [18, 52], "uv_size": [0.5, 0.5]},
								"down": {"uv": [52, 18.5], "uv_size": [0.5, -0.5]}
							}
						},
						{
							"origin": [0.84375, 1.93218, -5.21562],
							"size": [0.21093, 0.28125, 0.42187],
							"uv": {
								"north": {"uv": [20, 52], "uv_size": [0.5, 0.5]},
								"east": {"uv": [52, 20], "uv_size": [0.5, 0.5]},
								"south": {"uv": [22, 52], "uv_size": [0.5, 0.5]},
								"west": {"uv": [52, 22], "uv_size": [0.5, 0.5]},
								"up": {"uv": [24, 52], "uv_size": [0.5, 0.5]},
								"down": {"uv": [28, 52.5], "uv_size": [0.5, -0.5]}
							}
						},
						{
							"origin": [-1.05468, 1.93218, -5.21562],
							"size": [0.21093, 0.28125, 0.42187],
							"uv": {
								"north": {"uv": [30, 52], "uv_size": [0.5, 0.5]},
								"east": {"uv": [36, 52], "uv_size": [0.5, 0.5]},
								"south": {"uv": [46, 52], "uv_size": [0.5, 0.5]},
								"west": {"uv": [51, 52], "uv_size": [0.5, 0.5]},
								"up": {"uv": [53, 4], "uv_size": [0.5, 0.5]},
								"down": {"uv": [6, 53.5], "uv_size": [0.5, -0.5]}
							}
						},
						{
							"origin": [0.84375, 2.02697, -4.76283],
							"size": [0.21093, 0.98437, 0.42188],
							"inflate": -0.001,
							"pivot": [0.01917, 1.33359, -2.27656],
							"rotation": [22.5, 0, 0],
							"uv": {
								"north": {"uv": [46, 24], "uv_size": [0.5, 1]},
								"east": {"uv": [37, 46], "uv_size": [0.5, 1]},
								"south": {"uv": [47, 4], "uv_size": [0.5, 1]},
								"west": {"uv": [6, 47], "uv_size": [0.5, 1]},
								"up": {"uv": [53, 10], "uv_size": [0.5, 0.5]},
								"down": {"uv": [53, 12.5], "uv_size": [0.5, -0.5]}
							}
						},
						{
							"origin": [-1.05468, 2.02697, -4.76283],
							"size": [0.21093, 0.98437, 0.42188],
							"inflate": -0.001,
							"pivot": [0.01917, 1.33359, -2.27656],
							"rotation": [22.5, 0, 0],
							"uv": {
								"north": {"uv": [47, 11], "uv_size": [0.5, 1]},
								"east": {"uv": [47, 13], "uv_size": [0.5, 1]},
								"south": {"uv": [26, 47], "uv_size": [0.5, 1]},
								"west": {"uv": [47, 26], "uv_size": [0.5, 1]},
								"up": {"uv": [53, 24], "uv_size": [0.5, 0.5]},
								"down": {"uv": [26, 53.5], "uv_size": [0.5, -0.5]}
							}
						},
						{
							"origin": [0.70313, 0.81648, -3.95],
							"size": [0.21094, 0.28125, 1.96875],
							"pivot": [0.01917, 1.33359, -2.27656],
							"rotation": [0, 0, -22.5],
							"uv": {
								"north": {"uv": [53, 26], "uv_size": [0.5, 0.5]},
								"east": {"uv": [26, 22], "uv_size": [2, 0.5]},
								"south": {"uv": [53, 28], "uv_size": [0.5, 0.5]},
								"west": {"uv": [23, 26], "uv_size": [2, 0.5]},
								"up": {"uv": [26, 24], "uv_size": [0.5, 2]},
								"down": {"uv": [6, 29], "uv_size": [0.5, -2]}
							}
						},
						{
							"origin": [-1.26563, 1.21407, -3.24687],
							"size": [0.22852, 1.21288, 0.5625],
							"uv": {
								"north": {"uv": [47, 28], "uv_size": [0.5, 1]},
								"east": {"uv": [47, 30], "uv_size": [0.5, 1]},
								"south": {"uv": [47, 32], "uv_size": [0.5, 1]},
								"west": {"uv": [33, 47], "uv_size": [0.5, 1]},
								"up": {"uv": [53, 30], "uv_size": [0.5, 0.5]},
								"down": {"uv": [32, 53.5], "uv_size": [0.5, -0.5]}
							}
						},
						{
							"origin": [-1.01176, 1.21407, -3.14501],
							"size": [0.21094, 1.21288, 0.5625],
							"pivot": [0.01917, 1.33359, -2.27656],
							"rotation": [0, 22.5, 0],
							"uv": {
								"north": {"uv": [47, 34], "uv_size": [0.5, 1]},
								"east": {"uv": [35, 47], "uv_size": [0.5, 1]},
								"south": {"uv": [47, 36], "uv_size": [0.5, 1]},
								"west": {"uv": [47, 38], "uv_size": [0.5, 1]},
								"up": {"uv": [53, 32], "uv_size": [0.5, 0.5]},
								"down": {"uv": [34, 53.5], "uv_size": [0.5, -0.5]}
							}
						},
						{
							"origin": [-1.53915, 1.21407, -3.24384],
							"size": [0.21094, 1.21288, 0.5625],
							"pivot": [0.01917, 1.33359, -2.27656],
							"rotation": [0, -22.5, 0],
							"uv": {
								"north": {"uv": [39, 47], "uv_size": [0.5, 1]},
								"east": {"uv": [47, 40], "uv_size": [0.5, 1]},
								"south": {"uv": [41, 47], "uv_size": [0.5, 1]},
								"west": {"uv": [47, 42], "uv_size": [0.5, 1]},
								"up": {"uv": [53, 34], "uv_size": [0.5, 0.5]},
								"down": {"uv": [53, 36.5], "uv_size": [0.5, -0.5]}
							}
						},
						{
							"origin": [-1.26563, 0.93282, -3.95],
							"size": [0.70313, 0.28125, 1.96875],
							"uv": {
								"north": {"uv": [38, 53], "uv_size": [0.5, 0.5]},
								"east": {"uv": [27, 2], "uv_size": [2, 0.5]},
								"south": {"uv": [53, 38], "uv_size": [0.5, 0.5]},
								"west": {"uv": [26, 27], "uv_size": [2, 0.5]},
								"up": {"uv": [8, 27], "uv_size": [0.5, 2]},
								"down": {"uv": [0, 30], "uv_size": [0.5, -2]}
							}
						},
						{
							"origin": [-1.12209, 0.73149, -3.95],
							"size": [0.21094, 0.5625, 1.96875],
							"pivot": [0.01917, 1.33359, -2.27656],
							"rotation": [0, 0, 22.5],
							"uv": {
								"north": {"uv": [40, 53], "uv_size": [0.5, 0.5]},
								"east": {"uv": [10, 28], "uv_size": [2, 0.5]},
								"south": {"uv": [53, 40], "uv_size": [0.5, 0.5]},
								"west": {"uv": [13, 28], "uv_size": [2, 0.5]},
								"up": {"uv": [16, 28], "uv_size": [0.5, 2]},
								"down": {"uv": [23, 30], "uv_size": [0.5, -2]}
							}
						},
						{
							"origin": [-0.91115, 0.8018, -3.95],
							"size": [0.21094, 0.28125, 1.96875],
							"pivot": [0.01917, 1.33359, -2.27656],
							"rotation": [0, 0, 22.5],
							"uv": {
								"north": {"uv": [42, 53], "uv_size": [0.5, 0.5]},
								"east": {"uv": [28, 20], "uv_size": [2, 0.5]},
								"south": {"uv": [53, 42], "uv_size": [0.5, 0.5]},
								"west": {"uv": [28, 24], "uv_size": [2, 0.5]},
								"up": {"uv": [2, 29], "uv_size": [0.5, 2]},
								"down": {"uv": [4, 31], "uv_size": [0.5, -2]}
							}
						},
						{
							"origin": [-0.77344, 0.65157, -1.77031],
							"size": [1.54687, 0.53125, 1.54688],
							"uv": {
								"north": {"uv": [13, 34], "uv_size": [1.5, 0.5]},
								"east": {"uv": [34, 18], "uv_size": [1.5, 0.5]},
								"south": {"uv": [34, 20], "uv_size": [1.5, 0.5]},
								"west": {"uv": [34, 22], "uv_size": [1.5, 0.5]},
								"up": {"uv": [15, 13], "uv_size": [1.5, 1.5]},
								"down": {"uv": [0, 17.5], "uv_size": [1.5, -1.5]}
							}
						},
						{
							"origin": [1.03711, 1.21407, -3.24687],
							"size": [0.22851, 1.21288, 0.5625],
							"uv": {
								"north": {"uv": [43, 47], "uv_size": [0.5, 1]},
								"east": {"uv": [47, 44], "uv_size": [0.5, 1]},
								"south": {"uv": [45, 47], "uv_size": [0.5, 1]},
								"west": {"uv": [47, 46], "uv_size": [0.5, 1]},
								"up": {"uv": [53, 48], "uv_size": [0.5, 0.5]},
								"down": {"uv": [53, 50.5], "uv_size": [0.5, -0.5]}
							}
						},
						{
							"origin": [0.80374, 1.21407, -3.13033],
							"size": [0.21094, 1.21288, 0.5625],
							"pivot": [0.01917, 1.33359, -2.27656],
							"rotation": [0, -22.5, 0],
							"uv": {
								"north": {"uv": [0, 48], "uv_size": [0.5, 1]},
								"east": {"uv": [48, 0], "uv_size": [0.5, 1]},
								"south": {"uv": [2, 48], "uv_size": [0.5, 1]},
								"west": {"uv": [48, 2], "uv_size": [0.5, 1]},
								"up": {"uv": [53, 52], "uv_size": [0.5, 0.5]},
								"down": {"uv": [0, 54.5], "uv_size": [0.5, -0.5]}
							}
						},
						{
							"origin": [1.33113, 1.21407, -3.25852],
							"size": [0.21094, 1.21288, 0.5625],
							"pivot": [0.01917, 1.33359, -2.27656],
							"rotation": [0, 22.5, 0],
							"uv": {
								"north": {"uv": [4, 48], "uv_size": [0.5, 1]},
								"east": {"uv": [48, 6], "uv_size": [0.5, 1]},
								"south": {"uv": [8, 48], "uv_size": [0.5, 1]},
								"west": {"uv": [48, 8], "uv_size": [0.5, 1]},
								"up": {"uv": [54, 0], "uv_size": [0.5, 0.5]},
								"down": {"uv": [2, 54.5], "uv_size": [0.5, -0.5]}
							}
						},
						{
							"origin": [0.91407, 0.74616, -3.95],
							"size": [0.21093, 0.5625, 1.96875],
							"pivot": [0.01917, 1.33359, -2.27656],
							"rotation": [0, 0, -22.5],
							"uv": {
								"north": {"uv": [54, 2], "uv_size": [0.5, 0.5]},
								"east": {"uv": [29, 4], "uv_size": [2, 0.5]},
								"south": {"uv": [4, 54], "uv_size": [0.5, 0.5]},
								"west": {"uv": [29, 6], "uv_size": [2, 0.5]},
								"up": {"uv": [29, 8], "uv_size": [0.5, 2]},
								"down": {"uv": [29, 13], "uv_size": [0.5, -2]}
							}
						},
						{
							"origin": [0.49218, 0.93282, -3.95],
							"size": [0.77344, 0.28125, 1.96875],
							"uv": {
								"north": {"uv": [10, 48], "uv_size": [1, 0.5]},
								"east": {"uv": [29, 14], "uv_size": [2, 0.5]},
								"south": {"uv": [12, 48], "uv_size": [1, 0.5]},
								"west": {"uv": [29, 16], "uv_size": [2, 0.5]},
								"up": {"uv": [14, 16], "uv_size": [1, 2]},
								"down": {"uv": [16, 18], "uv_size": [1, -2]}
							}
						},
						{
							"origin": [-1.05036, 2.21602, -3.76655],
							"size": [0.28125, 0.21093, 1.60185],
							"uv": {
								"north": {"uv": [54, 6], "uv_size": [0.5, 0.5]},
								"east": {"uv": [34, 31], "uv_size": [1.5, 0.5]},
								"south": {"uv": [8, 54], "uv_size": [0.5, 0.5]},
								"west": {"uv": [34, 33], "uv_size": [1.5, 0.5]},
								"up": {"uv": [35, 0], "uv_size": [0.5, 1.5]},
								"down": {"uv": [35, 4.5], "uv_size": [0.5, -1.5]}
							}
						},
						{
							"origin": [0.13159, 2.59772, -3.76655],
							"size": [0.42187, 0.14063, 1.60185],
							"pivot": [0.01917, 1.33359, -2.27656],
							"rotation": [0, 0, 22.5],
							"uv": {
								"north": {"uv": [54, 8], "uv_size": [0.5, 0.5]},
								"east": {"uv": [35, 6], "uv_size": [1.5, 0.5]},
								"south": {"uv": [10, 54], "uv_size": [0.5, 0.5]},
								"west": {"uv": [35, 13], "uv_size": [1.5, 0.5]},
								"up": {"uv": [35, 15], "uv_size": [0.5, 1.5]},
								"down": {"uv": [16, 36.5], "uv_size": [0.5, -1.5]}
							}
						},
						{
							"origin": [0.76911, 2.21602, -3.76655],
							"size": [0.28125, 0.21093, 1.60185],
							"uv": {
								"north": {"uv": [12, 54], "uv_size": [0.5, 0.5]},
								"east": {"uv": [18, 35], "uv_size": [1.5, 0.5]},
								"south": {"uv": [14, 54], "uv_size": [0.5, 0.5]},
								"west": {"uv": [21, 35], "uv_size": [1.5, 0.5]},
								"up": {"uv": [27, 35], "uv_size": [0.5, 1.5]},
								"down": {"uv": [29, 36.5], "uv_size": [0.5, -1.5]}
							}
						},
						{
							"origin": [-0.55054, 2.6124, -3.76655],
							"size": [0.42188, 0.14062, 1.60185],
							"pivot": [0.01917, 1.33359, -2.27656],
							"rotation": [0, 0, -22.5],
							"uv": {
								"north": {"uv": [54, 14], "uv_size": [0.5, 0.5]},
								"east": {"uv": [34, 35], "uv_size": [1.5, 0.5]},
								"south": {"uv": [16, 54], "uv_size": [0.5, 0.5]},
								"west": {"uv": [6, 36], "uv_size": [1.5, 0.5]},
								"up": {"uv": [9, 36], "uv_size": [0.5, 1.5]},
								"down": {"uv": [36, 11.5], "uv_size": [0.5, -1.5]}
							}
						}
					]
				},
				{
					"name": "shell",
					"parent": "mount",
					"pivot": [-0.2037, 11.29943, -0.45],
					"cubes": [
						{
							"origin": [-0.11802, 0.60569, -2.68437],
							"size": [0.87373, 0.14063, 3.68437],
							"pivot": [0.01917, 1.33359, -2.27656],
							"rotation": [0, 0, -45],
							"uv": {
								"north": {"uv": [14, 48], "uv_size": [1, 0.5]},
								"east": {"uv": [16, 6], "uv_size": [3.5, 0.5]},
								"south": {"uv": [48, 15], "uv_size": [1, 0.5]},
								"west": {"uv": [5, 18], "uv_size": [3.5, 0.5]},
								"up": {"uv": [6, 0], "uv_size": [1, 3.5]},
								"down": {"uv": [0, 11.5], "uv_size": [1, -3.5]}
							}
						},
						{
							"origin": [-0.43687, 0.72187, -2.68437],
							"size": [0.87374, 0.14063, 3.68437],
							"uv": {
								"north": {"uv": [16, 48], "uv_size": [1, 0.5]},
								"east": {"uv": [18, 8], "uv_size": [3.5, 0.5]},
								"south": {"uv": [48, 17], "uv_size": [1, 0.5]},
								"west": {"uv": [18, 10], "uv_size": [3.5, 0.5]},
								"up": {"uv": [8, 0], "uv_size": [1, 3.5]},
								"down": {"uv": [2, 11.5], "uv_size": [1, -3.5]}
							}
						},
						{
							"origin": [-0.11802, 2.57444, 0.12813],
							"size": [0.87373, 0.14063, 0.87187],
							"pivot": [0.01917, 1.33359, -2.27656],
							"rotation": [0, 0, -45],
							"uv": {
								"north": {"uv": [18, 48], "uv_size": [1, 0.5]},
								"east": {"uv": [48, 19], "uv_size": [1, 0.5]},
								"south": {"uv": [20, 48], "uv_size": [1, 0.5]},
								"west": {"uv": [48, 21], "uv_size": [1, 0.5]},
								"up": {"uv": [18, 29], "uv_size": [1, 1]},
								"down": {"uv": [29, 19], "uv_size": [1, -1]}
							}
						},
						{
							"origin": [-0.43687, 2.69063, 0.12813],
							"size": [0.87374, 0.14062, 0.87187],
							"uv": {
								"north": {"uv": [22, 48], "uv_size": [1, 0.5]},
								"east": {"uv": [48, 23], "uv_size": [1, 0.5]},
								"south": {"uv": [24, 48], "uv_size": [1, 0.5]},
								"west": {"uv": [28, 48], "uv_size": [1, 0.5]},
								"up": {"uv": [20, 29], "uv_size": [1, 1]},
								"down": {"uv": [29, 23], "uv_size": [1, -1]}
							}
						},
						{
							"origin": [-0.43687, 0.5516, 0.27187],
							"size": [0.87374, 0.14062, 0.21094],
							"pivot": [0.01917, 1.33359, -2.27656],
							"rotation": [45, 0, 0],
							"uv": {
								"north": {"uv": [30, 48], "uv_size": [1, 0.5]},
								"east": {"uv": [54, 16], "uv_size": [0.5, 0.5]},
								"south": {"uv": [37, 48], "uv_size": [1, 0.5]},
								"west": {"uv": [18, 54], "uv_size": [0.5, 0.5]},
								"up": {"uv": [47, 48], "uv_size": [1, 0.5]},
								"down": {"uv": [49, 4.5], "uv_size": [1, -0.5]}
							}
						},
						{
							"origin": [-0.73584, 1.22351, -2.68437],
							"size": [0.14062, 0.87373, 3.68437],
							"pivot": [0.01917, 1.33359, -2.27656],
							"rotation": [0, 0, -45],
							"uv": {
								"north": {"uv": [6, 49], "uv_size": [0.5, 1]},
								"east": {"uv": [4, 8], "uv_size": [3.5, 1]},
								"south": {"uv": [49, 10], "uv_size": [0.5, 1]},
								"west": {"uv": [8, 5], "uv_size": [3.5, 1]},
								"up": {"uv": [10, 18], "uv_size": [0.5, 3.5]},
								"down": {"uv": [12, 21.5], "uv_size": [0.5, -3.5]}
							}
						},
						{
							"origin": [-1.05468, 1.3397, -2.68437],
							"size": [0.14061, 0.87373, 3.68437],
							"uv": {
								"north": {"uv": [49, 12], "uv_size": [0.5, 1]},
								"east": {"uv": [9, 7], "uv_size": [3.5, 1]},
								"south": {"uv": [49, 25], "uv_size": [0.5, 1]},
								"west": {"uv": [9, 9], "uv_size": [3.5, 1]},
								"up": {"uv": [18, 12], "uv_size": [0.5, 3.5]},
								"down": {"uv": [18, 20.5], "uv_size": [0.5, -3.5]}
							}
						},
						{
							"origin": [1.23291, 1.22351, 0.12813],
							"size": [0.14062, 0.87373, 0.87187],
							"pivot": [0.01917, 1.33359, -2.27656],
							"rotation": [0, 0, -45],
							"uv": {
								"north": {"uv": [26, 49], "uv_size": [0.5, 1]},
								"east": {"uv": [25, 29], "uv_size": [1, 1]},
								"south": {"uv": [49, 27], "uv_size": [0.5, 1]},
								"west": {"uv": [29, 26], "uv_size": [1, 1]},
								"up": {"uv": [49, 29], "uv_size": [0.5, 1]},
								"down": {"uv": [49, 32], "uv_size": [0.5, -1]}
							}
						},
						{
							"origin": [0.91406, 1.3397, -2.68437],
							"size": [0.14062, 0.87373, 3.68437],
							"uv": {
								"north": {"uv": [32, 49], "uv_size": [0.5, 1]},
								"east": {"uv": [10, 0], "uv_size": [3.5, 1]},
								"south": {"uv": [49, 33], "uv_size": [0.5, 1]},
								"west": {"uv": [10, 2], "uv_size": [3.5, 1]},
								"up": {"uv": [0, 19], "uv_size": [0.5, 3.5]},
								"down": {"uv": [14, 22.5], "uv_size": [0.5, -3.5]}
							}
						},
						{
							"origin": [-0.84117, 0.72187, -4.5125],
							"size": [1.68234, 0.14063, 0.5625],
							"uv": {
								"north": {"uv": [11, 36], "uv_size": [1.5, 0.5]},
								"east": {"uv": [54, 18], "uv_size": [0.5, 0.5]},
								"south": {"uv": [36, 28], "uv_size": [1.5, 0.5]},
								"west": {"uv": [20, 54], "uv_size": [0.5, 0.5]},
								"up": {"uv": [31, 36], "uv_size": [1.5, 0.5]},
								"down": {"uv": [0, 37.5], "uv_size": [1.5, -0.5]}
							}
						},
						{
							"origin": [-0.11802, 2.57444, -5.21562],
							"size": [0.87373, 0.14063, 2.53125],
							"pivot": [0.01917, 1.33359, -2.27656],
							"rotation": [0, 0, -45],
							"uv": {
								"north": {"uv": [34, 49], "uv_size": [1, 0.5]},
								"east": {"uv": [24, 20], "uv_size": [2.5, 0.5]},
								"south": {"uv": [49, 35], "uv_size": [1, 0.5]},
								"west": {"uv": [22, 24], "uv_size": [2.5, 0.5]},
								"up": {"uv": [13, 11], "uv_size": [1, 2.5]},
								"down": {"uv": [14, 6.5], "uv_size": [1, -2.5]}
							}
						},
						{
							"origin": [-0.43687, 2.62032, -5.21562],
							"size": [0.87374, 0.21093, 2.53125],
							"uv": {
								"north": {"uv": [49, 37], "uv_size": [1, 0.5]},
								"east": {"uv": [25, 4], "uv_size": [2.5, 0.5]},
								"south": {"uv": [39, 49], "uv_size": [1, 0.5]},
								"west": {"uv": [6, 25], "uv_size": [2.5, 0.5]},
								"up": {"uv": [7, 14], "uv_size": [1, 2.5]},
								"down": {"uv": [9, 16.5], "uv_size": [1, -2.5]}
							}
						},
						{
							"origin": [1.23291, 1.22351, -5.21562],
							"size": [0.14062, 0.87373, 2.53125],
							"pivot": [0.01917, 1.33359, -2.27656],
							"rotation": [0, 0, -45],
							"uv": {
								"north": {"uv": [49, 39], "uv_size": [0.5, 1]},
								"east": {"uv": [14, 8], "uv_size": [2.5, 1]},
								"south": {"uv": [41, 49], "uv_size": [0.5, 1]},
								"west": {"uv": [15, 0], "uv_size": [2.5, 1]},
								"up": {"uv": [0, 24], "uv_size": [0.5, 2.5]},
								"down": {"uv": [14, 26.5], "uv_size": [0.5, -2.5]}
							}
						},
						{
							"origin": [1.23291, 1.22351, -2.68437],
							"size": [0.14062, 0.6628, 2.8125],
							"pivot": [0.01917, 1.33359, -2.27656],
							"rotation": [0, 0, -45],
							"uv": {
								"north": {"uv": [54, 20], "uv_size": [0.5, 0.5]},
								"east": {"uv": [20, 20], "uv_size": [3, 0.5]},
								"south": {"uv": [22, 54], "uv_size": [0.5, 0.5]},
								"west": {"uv": [21, 4], "uv_size": [3, 0.5]},
								"up": {"uv": [16, 19], "uv_size": [0.5, 3]},
								"down": {"uv": [8, 23], "uv_size": [0.5, -3]}
							}
						},
						{
							"origin": [-1.3623, 1.19639, -2.68437],
							"size": [0.14063, 0.6628, 2.8125],
							"pivot": [0.01917, 1.33359, -2.27656],
							"rotation": [0, 0, 45],
							"uv": {
								"north": {"uv": [54, 22], "uv_size": [0.5, 0.5]},
								"east": {"uv": [21, 6], "uv_size": [3, 0.5]},
								"south": {"uv": [24, 54], "uv_size": [0.5, 0.5]},
								"west": {"uv": [22, 0], "uv_size": [3, 0.5]},
								"up": {"uv": [2, 22], "uv_size": [0.5, 3]},
								"down": {"uv": [4, 25], "uv_size": [0.5, -3]}
							}
						},
						{
							"origin": [-0.58602, 2.54147, -2.68437],
							"size": [1.17204, 0.14062, 2.8125],
							"uv": {
								"north": {"uv": [49, 41], "uv_size": [1, 0.5]},
								"east": {"uv": [18, 22], "uv_size": [3, 0.5]},
								"south": {"uv": [43, 49], "uv_size": [1, 0.5]},
								"west": {"uv": [22, 22], "uv_size": [3, 0.5]},
								"up": {"uv": [3, 13], "uv_size": [1, 3]},
								"down": {"uv": [5, 16], "uv_size": [1, -3]}
							}
						}
					]
				},
				{
					"name": "group",
					"parent": "mount",
					"pivot": [1.23543, 7.875, -2.1375]
				},
				{
					"name": "knob",
					"parent": "elcan",
					"pivot": [0, 7.2, 0]
				},
				{
					"name": "octagon2",
					"parent": "knob",
					"pivot": [0, 7.2, 0],
					"cubes": [
						{
							"origin": [-1.16447, 0.38438, -1.45783],
							"size": [1.40625, 0.33749, 0.58249],
							"pivot": [0.01917, 1.33359, -2.27656],
							"rotation": [0, 22.5, 0],
							"uv": {
								"north": {"uv": [37, 0], "uv_size": [1.5, 0.5]},
								"east": {"uv": [28, 54], "uv_size": [0.5, 0.5]},
								"south": {"uv": [37, 2], "uv_size": [1.5, 0.5]},
								"west": {"uv": [30, 54], "uv_size": [0.5, 0.5]},
								"up": {"uv": [3, 37], "uv_size": [1.5, 0.5]},
								"down": {"uv": [37, 4.5], "uv_size": [1.5, -0.5]}
							}
						},
						{
							"origin": [0.17302, 0.38438, -1.85503],
							"size": [0.58249, 0.33749, 1.40625],
							"pivot": [0.01917, 1.33359, -2.27656],
							"rotation": [0, -22.5, 0],
							"uv": {
								"north": {"uv": [36, 54], "uv_size": [0.5, 0.5]},
								"east": {"uv": [37, 8], "uv_size": [1.5, 0.5]},
								"south": {"uv": [46, 54], "uv_size": [0.5, 0.5]},
								"west": {"uv": [37, 15], "uv_size": [1.5, 0.5]},
								"up": {"uv": [14, 36], "uv_size": [0.5, 1.5]},
								"down": {"uv": [37, 18.5], "uv_size": [0.5, -1.5]}
							}
						},
						{
							"origin": [-0.75259, 0.38438, -1.86971],
							"size": [0.58249, 0.33749, 1.40625],
							"pivot": [0.01917, 1.33359, -2.27656],
							"rotation": [0, 22.5, 0],
							"uv": {
								"north": {"uv": [50, 54], "uv_size": [0.5, 0.5]},
								"east": {"uv": [18, 37], "uv_size": [1.5, 0.5]},
								"south": {"uv": [52, 54], "uv_size": [0.5, 0.5]},
								"west": {"uv": [37, 20], "uv_size": [1.5, 0.5]},
								"up": {"uv": [21, 37], "uv_size": [0.5, 1.5]},
								"down": {"uv": [37, 23.5], "uv_size": [0.5, -1.5]}
							}
						},
						{
							"origin": [-0.23886, 0.38438, -1.44315],
							"size": [1.40625, 0.33749, 0.58249],
							"pivot": [0.01917, 1.33359, -2.27656],
							"rotation": [0, -22.5, 0],
							"uv": {
								"north": {"uv": [23, 37], "uv_size": [1.5, 0.5]},
								"east": {"uv": [54, 54], "uv_size": [0.5, 0.5]},
								"south": {"uv": [37, 25], "uv_size": [1.5, 0.5]},
								"west": {"uv": [55, 4], "uv_size": [0.5, 0.5]},
								"up": {"uv": [37, 30], "uv_size": [1.5, 0.5]},
								"down": {"uv": [37, 32.5], "uv_size": [1.5, -0.5]}
							}
						}
					]
				},
				{
					"name": "octagon3",
					"parent": "knob",
					"pivot": [0, 7.2, 0],
					"cubes": [
						{
							"origin": [-1.3051, 0.2789, -1.51608],
							"size": [1.6875, 0.14063, 0.69899],
							"pivot": [0.01917, 1.33359, -2.27656],
							"rotation": [0, 22.5, 0],
							"uv": {
								"north": {"uv": [34, 37], "uv_size": [1.5, 0.5]},
								"east": {"uv": [6, 55], "uv_size": [0.5, 0.5]},
								"south": {"uv": [37, 34], "uv_size": [1.5, 0.5]},
								"west": {"uv": [55, 10], "uv_size": [0.5, 0.5]},
								"up": {"uv": [37, 36], "uv_size": [1.5, 0.5]},
								"down": {"uv": [6, 38.5], "uv_size": [1.5, -0.5]}
							}
						},
						{
							"origin": [0.11477, 0.2789, -1.99566],
							"size": [0.69899, 0.14063, 1.6875],
							"pivot": [0.01917, 1.33359, -2.27656],
							"rotation": [0, -22.5, 0],
							"uv": {
								"north": {"uv": [55, 12], "uv_size": [0.5, 0.5]},
								"east": {"uv": [38, 6], "uv_size": [1.5, 0.5]},
								"south": {"uv": [55, 24], "uv_size": [0.5, 0.5]},
								"west": {"uv": [38, 10], "uv_size": [1.5, 0.5]},
								"up": {"uv": [11, 38], "uv_size": [0.5, 1.5]},
								"down": {"uv": [38, 13.5], "uv_size": [0.5, -1.5]}
							}
						},
						{
							"origin": [-0.81084, 0.2789, -2.01033],
							"size": [0.69899, 0.14063, 1.6875],
							"pivot": [0.01917, 1.33359, -2.27656],
							"rotation": [0, 22.5, 0],
							"uv": {
								"north": {"uv": [26, 55], "uv_size": [0.5, 0.5]},
								"east": {"uv": [26, 38], "uv_size": [1.5, 0.5]},
								"south": {"uv": [55, 26], "uv_size": [0.5, 0.5]},
								"west": {"uv": [29, 38], "uv_size": [1.5, 0.5]},
								"up": {"uv": [16, 38], "uv_size": [0.5, 1.5]},
								"down": {"uv": [32, 39.5], "uv_size": [0.5, -1.5]}
							}
						},
						{
							"origin": [-0.37949, 0.2789, -1.5014],
							"size": [1.6875, 0.14063, 0.69899],
							"pivot": [0.01917, 1.33359, -2.27656],
							"rotation": [0, -22.5, 0],
							"uv": {
								"north": {"uv": [37, 38], "uv_size": [1.5, 0.5]},
								"east": {"uv": [55, 28], "uv_size": [0.5, 0.5]},
								"south": {"uv": [0, 39], "uv_size": [1.5, 0.5]},
								"west": {"uv": [55, 30], "uv_size": [0.5, 0.5]},
								"up": {"uv": [3, 39], "uv_size": [1.5, 0.5]},
								"down": {"uv": [13, 39.5], "uv_size": [1.5, -0.5]}
							}
						}
					]
				},
				{
					"name": "octagon4",
					"parent": "knob",
					"pivot": [0, 7.2, 0],
					"cubes": [
						{
							"origin": [-0.43797, 0.44062, -3.21176],
							"size": [1.40625, 0.21095, 0.58249],
							"pivot": [0.01917, 1.33359, -2.27656],
							"rotation": [0, 22.5, 0],
							"uv": {
								"north": {"uv": [39, 17], "uv_size": [1.5, 0.5]},
								"east": {"uv": [32, 55], "uv_size": [0.5, 0.5]},
								"south": {"uv": [18, 39], "uv_size": [1.5, 0.5]},
								"west": {"uv": [55, 32], "uv_size": [0.5, 0.5]},
								"up": {"uv": [39, 22], "uv_size": [1.5, 0.5]},
								"down": {"uv": [23, 39.5], "uv_size": [1.5, -0.5]}
							}
						},
						{
							"origin": [-0.55348, 0.44062, -3.60896],
							"size": [0.58249, 0.21095, 1.40625],
							"pivot": [0.01917, 1.33359, -2.27656],
							"rotation": [0, -22.5, 0],
							"uv": {
								"north": {"uv": [34, 55], "uv_size": [0.5, 0.5]},
								"east": {"uv": [39, 27], "uv_size": [1.5, 0.5]},
								"south": {"uv": [55, 34], "uv_size": [0.5, 0.5]},
								"west": {"uv": [34, 39], "uv_size": [1.5, 0.5]},
								"up": {"uv": [9, 39], "uv_size": [0.5, 1.5]},
								"down": {"uv": [40, 1.5], "uv_size": [0.5, -1.5]}
							}
						},
						{
							"origin": [-0.56193, 0.44062, -4.01587],
							"size": [0.16061, 0.14063, 0.63282],
							"pivot": [0.01917, 1.33359, -2.27656],
							"rotation": [0, -45, 0],
							"uv": {
								"north": {"uv": [55, 36], "uv_size": [0.5, 0.5]},
								"east": {"uv": [38, 55], "uv_size": [0.5, 0.5]},
								"south": {"uv": [55, 38], "uv_size": [0.5, 0.5]},
								"west": {"uv": [40, 55], "uv_size": [0.5, 0.5]},
								"up": {"uv": [55, 40], "uv_size": [0.5, 0.5]},
								"down": {"uv": [42, 55.5], "uv_size": [0.5, -0.5]}
							}
						},
						{
							"origin": [0.83814, 0.44062, -3.91734],
							"size": [0.35157, 0.14063, 0.16062],
							"uv": {
								"north": {"uv": [55, 42], "uv_size": [0.5, 0.5]},
								"east": {"uv": [44, 55], "uv_size": [0.5, 0.5]},
								"south": {"uv": [55, 44], "uv_size": [0.5, 0.5]},
								"west": {"uv": [55, 46], "uv_size": [0.5, 0.5]},
								"up": {"uv": [48, 55], "uv_size": [0.5, 0.5]},
								"down": {"uv": [55, 48.5], "uv_size": [0.5, -0.5]}
							}
						},
						{
							"origin": [0.60481, -0.14761, -4.12828],
							"size": [0.28125, 0.35156, 0.58249],
							"pivot": [0.01917, 1.33359, -2.27656],
							"rotation": [0, 0, -22.5],
							"uv": {
								"north": {"uv": [55, 50], "uv_size": [0.5, 0.5]},
								"east": {"uv": [55, 52], "uv_size": [0.5, 0.5]},
								"south": {"uv": [0, 56], "uv_size": [0.5, 0.5]},
								"west": {"uv": [56, 0], "uv_size": [0.5, 0.5]},
								"up": {"uv": [2, 56], "uv_size": [0.5, 0.5]},
								"down": {"uv": [56, 2.5], "uv_size": [0.5, -0.5]}
							}
						},
						{
							"origin": [-0.02609, 0.44062, -3.62364],
							"size": [0.58249, 0.21095, 1.40625],
							"pivot": [0.01917, 1.33359, -2.27656],
							"rotation": [0, 22.5, 0],
							"uv": {
								"north": {"uv": [4, 56], "uv_size": [0.5, 0.5]},
								"east": {"uv": [40, 3], "uv_size": [1.5, 0.5]},
								"south": {"uv": [56, 6], "uv_size": [0.5, 0.5]},
								"west": {"uv": [6, 40], "uv_size": [1.5, 0.5]},
								"up": {"uv": [40, 12], "uv_size": [0.5, 1.5]},
								"down": {"uv": [40, 20.5], "uv_size": [0.5, -1.5]}
							}
						},
						{
							"origin": [-0.96536, 0.44062, -3.19708],
							"size": [1.40625, 0.21095, 0.58249],
							"pivot": [0.01917, 1.33359, -2.27656],
							"rotation": [0, -22.5, 0],
							"uv": {
								"north": {"uv": [40, 8], "uv_size": [1.5, 0.5]},
								"east": {"uv": [8, 56], "uv_size": [0.5, 0.5]},
								"south": {"uv": [40, 15], "uv_size": [1.5, 0.5]},
								"west": {"uv": [56, 8], "uv_size": [0.5, 0.5]},
								"up": {"uv": [40, 24], "uv_size": [1.5, 0.5]},
								"down": {"uv": [26, 40.5], "uv_size": [1.5, -0.5]}
							}
						}
					]
				},
				{
					"name": "octagon5",
					"parent": "knob",
					"pivot": [0, 7.2, 0],
					"cubes": [
						{
							"origin": [0.77343, 0.25182, -1.56271],
							"size": [0.77344, 0.58249, 1.40625],
							"pivot": [0.01917, 1.33359, -2.27656],
							"rotation": [45, 0, 0],
							"uv": {
								"north": {"uv": [49, 43], "uv_size": [1, 0.5]},
								"east": {"uv": [29, 40], "uv_size": [1.5, 0.5]},
								"south": {"uv": [45, 49], "uv_size": [1, 0.5]},
								"west": {"uv": [40, 29], "uv_size": [1.5, 0.5]},
								"up": {"uv": [6, 22], "uv_size": [1, 1.5]},
								"down": {"uv": [23, 9.5], "uv_size": [1, -1.5]}
							}
						},
						{
							"origin": [0.77343, 1.48532, -1.41875],
							"size": [0.77344, 0.58249, 1.40625],
							"uv": {
								"north": {"uv": [49, 45], "uv_size": [1, 0.5]},
								"east": {"uv": [40, 31], "uv_size": [1.5, 0.5]},
								"south": {"uv": [49, 47], "uv_size": [1, 0.5]},
								"west": {"uv": [40, 33], "uv_size": [1.5, 0.5]},
								"up": {"uv": [10, 23], "uv_size": [1, 1.5]},
								"down": {"uv": [23, 12.5], "uv_size": [1, -1.5]}
							}
						},
						{
							"origin": [0.77343, -0.16005, -1.15083],
							"size": [0.77344, 1.40625, 0.58249],
							"pivot": [0.01917, 1.33359, -2.27656],
							"rotation": [45, 0, 0],
							"uv": {
								"north": {"uv": [12, 23], "uv_size": [1, 1.5]},
								"east": {"uv": [21, 40], "uv_size": [0.5, 1.5]},
								"south": {"uv": [23, 14], "uv_size": [1, 1.5]},
								"west": {"uv": [40, 35], "uv_size": [0.5, 1.5]},
								"up": {"uv": [49, 49], "uv_size": [1, 0.5]},
								"down": {"uv": [0, 50.5], "uv_size": [1, -0.5]}
							}
						},
						{
							"origin": [0.77343, 1.07344, -1.00687],
							"size": [0.77344, 1.40625, 0.58249],
							"uv": {
								"north": {"uv": [16, 23], "uv_size": [1, 1.5]},
								"east": {"uv": [37, 40], "uv_size": [0.5, 1.5]},
								"south": {"uv": [23, 17], "uv_size": [1, 1.5]},
								"west": {"uv": [40, 38], "uv_size": [0.5, 1.5]},
								"up": {"uv": [50, 0], "uv_size": [1, 0.5]},
								"down": {"uv": [2, 50.5], "uv_size": [1, -0.5]}
							}
						}
					]
				},
				{
					"name": "octagon",
					"parent": "knob",
					"pivot": [0, 7.2, 0],
					"cubes": [
						{
							"origin": [-1.125, -1.64172, -4.05434],
							"size": [2.25, 0.233, 0.5625],
							"pivot": [0.01917, 1.33359, -2.27656],
							"rotation": [-45, 0, 0],
							"uv": {
								"north": {"uv": [25, 6], "uv_size": [2.5, 0.5]},
								"east": {"uv": [10, 56], "uv_size": [0.5, 0.5]},
								"south": {"uv": [25, 8], "uv_size": [2.5, 0.5]},
								"west": {"uv": [12, 56], "uv_size": [0.5, 0.5]}
							}
						},
						{
							"origin": [-1.125, 0.25381, -5.6375],
							"size": [2.25, 0.233, 0.5625],
							"uv": {
								"north": {"uv": [25, 10], "uv_size": [2.5, 0.5]},
								"east": {"uv": [14, 56], "uv_size": [0.5, 0.5]},
								"south": {"uv": [25, 12], "uv_size": [2.5, 0.5]},
								"west": {"uv": [56, 14], "uv_size": [0.5, 0.5]}
							}
						},
						{
							"origin": [-1.125, -1.80646, -3.88959],
							"size": [2.25, 0.5625, 0.233],
							"pivot": [0.01917, 1.33359, -2.27656],
							"rotation": [-45, 0, 0],
							"uv": {
								"east": {"uv": [16, 56], "uv_size": [0.5, 0.5]},
								"west": {"uv": [56, 16], "uv_size": [0.5, 0.5]},
								"up": {"uv": [25, 14], "uv_size": [2.5, 0.5]},
								"down": {"uv": [25, 16.5], "uv_size": [2.5, -0.5]}
							}
						},
						{
							"origin": [-1.125, 0.08907, -5.47275],
							"size": [2.25, 0.5625, 0.233],
							"uv": {
								"east": {"uv": [18, 56], "uv_size": [0.5, 0.5]},
								"west": {"uv": [56, 18], "uv_size": [0.5, 0.5]},
								"up": {"uv": [25, 18], "uv_size": [2.5, 0.5]},
								"down": {"uv": [26, 0.5], "uv_size": [2.5, -0.5]}
							}
						}
					]
				},
				{
					"name": "scope_inner",
					"parent": "elcan",
					"pivot": [0, 7.2, 0]
				},
				{
					"name": "hexadecagon2",
					"parent": "scope_inner",
					"pivot": [0, 8.33906, -3.34687],
					"cubes": [
						{
							"origin": [-0.50342, 0.64888, -5.49687],
							"size": [0.39162, 0.14063, 1.57499],
							"pivot": [0.01917, 1.33359, -2.27656],
							"rotation": [0, 0, 45],
							"uv": {
								"north": {"uv": [20, 56], "uv_size": [0.5, 0.5]},
								"east": {"uv": [0, 41], "uv_size": [1.5, 0.5]},
								"south": {"uv": [56, 20], "uv_size": [0.5, 0.5]},
								"west": {"uv": [3, 41], "uv_size": [1.5, 0.5]},
								"up": {"uv": [41, 5], "uv_size": [0.5, 1.5]},
								"down": {"uv": [11, 42.5], "uv_size": [0.5, -1.5]}
							}
						},
						{
							"origin": [-0.36386, 0.75113, -5.49687],
							"size": [0.3916, 0.14063, 1.57499],
							"pivot": [0.01917, 1.33359, -2.27656],
							"rotation": [0, 0, 22.5],
							"uv": {
								"north": {"uv": [22, 56], "uv_size": [0.5, 0.5]},
								"east": {"uv": [41, 10], "uv_size": [1.5, 0.5]},
								"south": {"uv": [56, 22], "uv_size": [0.5, 0.5]},
								"west": {"uv": [13, 41], "uv_size": [1.5, 0.5]},
								"up": {"uv": [16, 41], "uv_size": [0.5, 1.5]},
								"down": {"uv": [18, 42.5], "uv_size": [0.5, -1.5]}
							}
						},
						{
							"origin": [-0.1958, 0.79219, -5.49687],
							"size": [0.3916, 0.14063, 1.57499],
							"uv": {
								"north": {"uv": [24, 56], "uv_size": [0.5, 0.5]},
								"east": {"uv": [23, 41], "uv_size": [1.5, 0.5]},
								"south": {"uv": [28, 56], "uv_size": [0.5, 0.5]},
								"west": {"uv": [32, 41], "uv_size": [1.5, 0.5]},
								"up": {"uv": [35, 41], "uv_size": [0.5, 1.5]},
								"down": {"uv": [39, 42.5], "uv_size": [0.5, -1.5]}
							}
						},
						{
							"origin": [-0.02483, 0.7658, -5.49687],
							"size": [0.39162, 0.14063, 1.57499],
							"pivot": [0.01917, 1.33359, -2.27656],
							"rotation": [0, 0, -22.5],
							"uv": {
								"north": {"uv": [30, 56], "uv_size": [0.5, 0.5]},
								"east": {"uv": [41, 41], "uv_size": [1.5, 0.5]},
								"south": {"uv": [36, 56], "uv_size": [0.5, 0.5]},
								"west": {"uv": [42, 0], "uv_size": [1.5, 0.5]},
								"up": {"uv": [6, 42], "uv_size": [0.5, 1.5]},
								"down": {"uv": [8, 43.5], "uv_size": [0.5, -1.5]}
							}
						},
						{
							"origin": [0.12304, 0.67601, -5.49687],
							"size": [0.39161, 0.14062, 1.57499],
							"pivot": [0.01917, 1.33359, -2.27656],
							"rotation": [0, 0, -45],
							"uv": {
								"north": {"uv": [46, 56], "uv_size": [0.5, 0.5]},
								"east": {"uv": [42, 12], "uv_size": [1.5, 0.5]},
								"south": {"uv": [50, 56], "uv_size": [0.5, 0.5]},
								"west": {"uv": [42, 17], "uv_size": [1.5, 0.5]},
								"up": {"uv": [42, 19], "uv_size": [0.5, 1.5]},
								"down": {"uv": [26, 43.5], "uv_size": [0.5, -1.5]}
							}
						},
						{
							"origin": [-0.50342, 2.47701, -5.49687],
							"size": [0.39162, 0.14062, 1.57499],
							"pivot": [0.01917, 1.33359, -2.27656],
							"rotation": [0, 0, 45],
							"uv": {
								"north": {"uv": [52, 56], "uv_size": [0.5, 0.5]},
								"east": {"uv": [42, 22], "uv_size": [1.5, 0.5]},
								"south": {"uv": [54, 56], "uv_size": [0.5, 0.5]},
								"west": {"uv": [42, 26], "uv_size": [1.5, 0.5]},
								"up": {"uv": [28, 42], "uv_size": [0.5, 1.5]},
								"down": {"uv": [30, 43.5], "uv_size": [0.5, -1.5]}
							}
						},
						{
							"origin": [-0.36386, 2.57926, -5.49687],
							"size": [0.3916, 0.14062, 1.57499],
							"pivot": [0.01917, 1.33359, -2.27656],
							"rotation": [0, 0, 22.5],
							"uv": {
								"north": {"uv": [56, 54], "uv_size": [0.5, 0.5]},
								"east": {"uv": [42, 35], "uv_size": [1.5, 0.5]},
								"south": {"uv": [56, 56], "uv_size": [0.5, 0.5]},
								"west": {"uv": [42, 37], "uv_size": [1.5, 0.5]},
								"up": {"uv": [0, 43], "uv_size": [0.5, 1.5]},
								"down": {"uv": [2, 44.5], "uv_size": [0.5, -1.5]}
							}
						},
						{
							"origin": [-0.1958, 2.62032, -5.49687],
							"size": [0.3916, 0.14062, 1.57499],
							"uv": {
								"north": {"uv": [57, 4], "uv_size": [0.5, 0.5]},
								"east": {"uv": [42, 39], "uv_size": [1.5, 0.5]},
								"south": {"uv": [6, 57], "uv_size": [0.5, 0.5]},
								"west": {"uv": [43, 2], "uv_size": [1.5, 0.5]},
								"up": {"uv": [4, 43], "uv_size": [0.5, 1.5]},
								"down": {"uv": [43, 5.5], "uv_size": [0.5, -1.5]}
							}
						},
						{
							"origin": [-0.02483, 2.59393, -5.49687],
							"size": [0.39161, 0.14062, 1.57499],
							"pivot": [0.01917, 1.33359, -2.27656],
							"rotation": [0, 0, -22.5],
							"uv": {
								"north": {"uv": [57, 10], "uv_size": [0.5, 0.5]},
								"east": {"uv": [43, 7], "uv_size": [1.5, 0.5]},
								"south": {"uv": [57, 12], "uv_size": [0.5, 0.5]},
								"west": {"uv": [13, 43], "uv_size": [1.5, 0.5]},
								"up": {"uv": [43, 14], "uv_size": [0.5, 1.5]},
								"down": {"uv": [20, 44.5], "uv_size": [0.5, -1.5]}
							}
						},
						{
							"origin": [0.12304, 2.50413, -5.49687],
							"size": [0.39161, 0.14063, 1.57499],
							"pivot": [0.01917, 1.33359, -2.27656],
							"rotation": [0, 0, -45],
							"uv": {
								"north": {"uv": [57, 24], "uv_size": [0.5, 0.5]},
								"east": {"uv": [22, 43], "uv_size": [1.5, 0.5]},
								"south": {"uv": [26, 57], "uv_size": [0.5, 0.5]},
								"west": {"uv": [43, 24], "uv_size": [1.5, 0.5]},
								"up": {"uv": [43, 28], "uv_size": [0.5, 1.5]},
								"down": {"uv": [43, 32.5], "uv_size": [0.5, -1.5]}
							}
						},
						{
							"origin": [-1.15244, 1.5397, -5.49687],
							"size": [0.14063, 0.39161, 1.57499],
							"pivot": [0.01917, 1.33359, -2.27656],
							"rotation": [0, 0, 22.5],
							"uv": {
								"north": {"uv": [57, 26], "uv_size": [0.5, 0.5]},
								"east": {"uv": [32, 43], "uv_size": [1.5, 0.5]},
								"south": {"uv": [57, 28], "uv_size": [0.5, 0.5]},
								"west": {"uv": [41, 43], "uv_size": [1.5, 0.5]},
								"up": {"uv": [37, 43], "uv_size": [0.5, 1.5]},
								"down": {"uv": [44, 10.5], "uv_size": [0.5, -1.5]}
							}
						},
						{
							"origin": [-0.98438, 1.58075, -5.49687],
							"size": [0.14063, 0.39162, 1.57499],
							"uv": {
								"north": {"uv": [57, 30], "uv_size": [0.5, 0.5]},
								"east": {"uv": [10, 44], "uv_size": [1.5, 0.5]},
								"south": {"uv": [32, 57], "uv_size": [0.5, 0.5]},
								"west": {"uv": [16, 44], "uv_size": [1.5, 0.5]},
								"up": {"uv": [44, 19], "uv_size": [0.5, 1.5]},
								"down": {"uv": [35, 45.5], "uv_size": [0.5, -1.5]}
							}
						},
						{
							"origin": [-0.8134, 1.55437, -5.49687],
							"size": [0.14062, 0.39161, 1.57499],
							"pivot": [0.01917, 1.33359, -2.27656],
							"rotation": [0, 0, -22.5],
							"uv": {
								"north": {"uv": [57, 32], "uv_size": [0.5, 0.5]},
								"east": {"uv": [44, 41], "uv_size": [1.5, 0.5]},
								"south": {"uv": [34, 57], "uv_size": [0.5, 0.5]},
								"west": {"uv": [44, 43], "uv_size": [1.5, 0.5]},
								"up": {"uv": [39, 44], "uv_size": [0.5, 1.5]},
								"down": {"uv": [45, 5.5], "uv_size": [0.5, -1.5]}
							}
						},
						{
							"origin": [0.67569, 1.5397, -5.49687],
							"size": [0.14062, 0.39161, 1.57499],
							"pivot": [0.01917, 1.33359, -2.27656],
							"rotation": [0, 0, 22.5],
							"uv": {
								"north": {"uv": [57, 34], "uv_size": [0.5, 0.5]},
								"east": {"uv": [45, 0], "uv_size": [1.5, 0.5]},
								"south": {"uv": [57, 36], "uv_size": [0.5, 0.5]},
								"west": {"uv": [6, 45], "uv_size": [1.5, 0.5]},
								"up": {"uv": [45, 12], "uv_size": [0.5, 1.5]},
								"down": {"uv": [13, 46.5], "uv_size": [0.5, -1.5]}
							}
						},
						{
							"origin": [0.84375, 1.58075, -5.49687],
							"size": [0.14062, 0.39162, 1.57499],
							"uv": {
								"north": {"uv": [38, 57], "uv_size": [0.5, 0.5]},
								"east": {"uv": [45, 15], "uv_size": [1.5, 0.5]},
								"south": {"uv": [57, 38], "uv_size": [0.5, 0.5]},
								"west": {"uv": [45, 17], "uv_size": [1.5, 0.5]},
								"up": {"uv": [22, 45], "uv_size": [0.5, 1.5]},
								"down": {"uv": [24, 46.5], "uv_size": [0.5, -1.5]}
							}
						},
						{
							"origin": [1.01472, 1.55437, -5.49687],
							"size": [0.14063, 0.39161, 1.57499],
							"pivot": [0.01917, 1.33359, -2.27656],
							"rotation": [0, 0, -22.5],
							"uv": {
								"north": {"uv": [40, 57], "uv_size": [0.5, 0.5]},
								"east": {"uv": [45, 22], "uv_size": [1.5, 0.5]},
								"south": {"uv": [57, 40], "uv_size": [0.5, 0.5]},
								"west": {"uv": [26, 45], "uv_size": [1.5, 0.5]},
								"up": {"uv": [45, 26], "uv_size": [0.5, 1.5]},
								"down": {"uv": [29, 46.5], "uv_size": [0.5, -1.5]}
							}
						}
					]
				},
				{
					"name": "ocular_ring",
					"pivot": [0, 1.13906, 3.15],
					"cubes": [
						{
							"origin": [0.10625, 0.59163, 1],
							"size": [0.42518, 0.1125, 0.325],
							"pivot": [0.01917, 1.33359, -2.27656],
							"rotation": [0, 0, -45],
							"uv": {
								"north": {"uv": [42, 57], "uv_size": [0.5, 0.5]},
								"east": {"uv": [57, 42], "uv_size": [0.5, 0.5]},
								"south": {"uv": [44, 57], "uv_size": [0.5, 0.5]},
								"west": {"uv": [57, 44], "uv_size": [0.5, 0.5]},
								"up": {"uv": [57, 46], "uv_size": [0.5, 0.5]},
								"down": {"uv": [48, 57.5], "uv_size": [0.5, -0.5]}
							}
						},
						{
							"origin": [-0.04161, 0.68143, 1],
							"size": [0.42517, 0.1125, 0.325],
							"pivot": [0.01917, 1.33359, -2.27656],
							"rotation": [0, 0, -22.5],
							"uv": {
								"north": {"uv": [57, 48], "uv_size": [0.5, 0.5]},
								"east": {"uv": [57, 50], "uv_size": [0.5, 0.5]},
								"south": {"uv": [57, 52], "uv_size": [0.5, 0.5]},
								"west": {"uv": [0, 58], "uv_size": [0.5, 0.5]},
								"up": {"uv": [58, 0], "uv_size": [0.5, 0.5]},
								"down": {"uv": [2, 58.5], "uv_size": [0.5, -0.5]}
							}
						},
						{
							"origin": [-0.21259, 0.70781, 1],
							"size": [0.42518, 0.1125, 0.325],
							"uv": {
								"north": {"uv": [58, 2], "uv_size": [0.5, 0.5]},
								"east": {"uv": [4, 58], "uv_size": [0.5, 0.5]},
								"south": {"uv": [58, 6], "uv_size": [0.5, 0.5]},
								"west": {"uv": [8, 58], "uv_size": [0.5, 0.5]},
								"up": {"uv": [58, 8], "uv_size": [0.5, 0.5]},
								"down": {"uv": [10, 58.5], "uv_size": [0.5, -0.5]}
							}
						},
						{
							"origin": [-0.38064, 0.66676, 1],
							"size": [0.42517, 0.1125, 0.325],
							"pivot": [0.01917, 1.33359, -2.27656],
							"rotation": [0, 0, 22.5],
							"uv": {
								"north": {"uv": [12, 58], "uv_size": [0.5, 0.5]},
								"east": {"uv": [14, 58], "uv_size": [0.5, 0.5]},
								"south": {"uv": [58, 14], "uv_size": [0.5, 0.5]},
								"west": {"uv": [16, 58], "uv_size": [0.5, 0.5]},
								"up": {"uv": [58, 16], "uv_size": [0.5, 0.5]},
								"down": {"uv": [18, 58.5], "uv_size": [0.5, -0.5]}
							}
						},
						{
							"origin": [-0.5202, 0.56451, 1],
							"size": [0.42518, 0.1125, 0.325],
							"pivot": [0.01917, 1.33359, -2.27656],
							"rotation": [0, 0, 45],
							"uv": {
								"north": {"uv": [58, 18], "uv_size": [0.5, 0.5]},
								"east": {"uv": [20, 58], "uv_size": [0.5, 0.5]},
								"south": {"uv": [58, 20], "uv_size": [0.5, 0.5]},
								"west": {"uv": [22, 58], "uv_size": [0.5, 0.5]},
								"up": {"uv": [58, 22], "uv_size": [0.5, 0.5]},
								"down": {"uv": [24, 58.5], "uv_size": [0.5, -0.5]}
							}
						},
						{
							"origin": [0.10625, 2.61663, 1],
							"size": [0.42518, 0.1125, 0.325],
							"pivot": [0.01917, 1.33359, -2.27656],
							"rotation": [0, 0, -45],
							"uv": {
								"north": {"uv": [28, 58], "uv_size": [0.5, 0.5]},
								"east": {"uv": [30, 58], "uv_size": [0.5, 0.5]},
								"south": {"uv": [36, 58], "uv_size": [0.5, 0.5]},
								"west": {"uv": [46, 58], "uv_size": [0.5, 0.5]},
								"up": {"uv": [50, 58], "uv_size": [0.5, 0.5]},
								"down": {"uv": [52, 58.5], "uv_size": [0.5, -0.5]}
							}
						},
						{
							"origin": [-0.04161, 2.70643, 1],
							"size": [0.42517, 0.1125, 0.325],
							"pivot": [0.01917, 1.33359, -2.27656],
							"rotation": [0, 0, -22.5],
							"uv": {
								"north": {"uv": [54, 58], "uv_size": [0.5, 0.5]},
								"east": {"uv": [58, 54], "uv_size": [0.5, 0.5]},
								"south": {"uv": [56, 58], "uv_size": [0.5, 0.5]},
								"west": {"uv": [58, 56], "uv_size": [0.5, 0.5]},
								"up": {"uv": [58, 58], "uv_size": [0.5, 0.5]},
								"down": {"uv": [59, 4.5], "uv_size": [0.5, -0.5]}
							}
						},
						{
							"origin": [-0.21259, 2.73281, 1],
							"size": [0.42518, 0.1125, 0.325],
							"uv": {
								"north": {"uv": [6, 59], "uv_size": [0.5, 0.5]},
								"east": {"uv": [59, 10], "uv_size": [0.5, 0.5]},
								"south": {"uv": [59, 12], "uv_size": [0.5, 0.5]},
								"west": {"uv": [59, 24], "uv_size": [0.5, 0.5]},
								"up": {"uv": [26, 59], "uv_size": [0.5, 0.5]},
								"down": {"uv": [59, 26.5], "uv_size": [0.5, -0.5]}
							}
						},
						{
							"origin": [-0.38064, 2.69176, 1],
							"size": [0.42517, 0.1125, 0.325],
							"pivot": [0.01917, 1.33359, -2.27656],
							"rotation": [0, 0, 22.5],
							"uv": {
								"north": {"uv": [59, 28], "uv_size": [0.5, 0.5]},
								"east": {"uv": [59, 30], "uv_size": [0.5, 0.5]},
								"south": {"uv": [32, 59], "uv_size": [0.5, 0.5]},
								"west": {"uv": [59, 32], "uv_size": [0.5, 0.5]},
								"up": {"uv": [34, 59], "uv_size": [0.5, 0.5]},
								"down": {"uv": [59, 34.5], "uv_size": [0.5, -0.5]}
							}
						},
						{
							"origin": [-0.5202, 2.58951, 1],
							"size": [0.42518, 0.1125, 0.325],
							"pivot": [0.01917, 1.33359, -2.27656],
							"rotation": [0, 0, 45],
							"uv": {
								"north": {"uv": [59, 36], "uv_size": [0.5, 0.5]},
								"east": {"uv": [38, 59], "uv_size": [0.5, 0.5]},
								"south": {"uv": [59, 38], "uv_size": [0.5, 0.5]},
								"west": {"uv": [40, 59], "uv_size": [0.5, 0.5]},
								"up": {"uv": [59, 40], "uv_size": [0.5, 0.5]},
								"down": {"uv": [42, 59.5], "uv_size": [0.5, -0.5]}
							}
						},
						{
							"origin": [1.12723, 1.53759, 1],
							"size": [0.1125, 0.42518, 0.325],
							"pivot": [0.01917, 1.33359, -2.27656],
							"rotation": [0, 0, -22.5],
							"uv": {
								"north": {"uv": [59, 42], "uv_size": [0.5, 0.5]},
								"east": {"uv": [44, 59], "uv_size": [0.5, 0.5]},
								"south": {"uv": [59, 44], "uv_size": [0.5, 0.5]},
								"west": {"uv": [59, 46], "uv_size": [0.5, 0.5]},
								"up": {"uv": [48, 59], "uv_size": [0.5, 0.5]},
								"down": {"uv": [59, 48.5], "uv_size": [0.5, -0.5]}
							}
						},
						{
							"origin": [0.95625, 1.56397, 1],
							"size": [0.1125, 0.42518, 0.325],
							"uv": {
								"north": {"uv": [59, 50], "uv_size": [0.5, 0.5]},
								"east": {"uv": [59, 52], "uv_size": [0.5, 0.5]},
								"south": {"uv": [0, 60], "uv_size": [0.5, 0.5]},
								"west": {"uv": [60, 0], "uv_size": [0.5, 0.5]},
								"up": {"uv": [2, 60], "uv_size": [0.5, 0.5]},
								"down": {"uv": [60, 2.5], "uv_size": [0.5, -0.5]}
							}
						},
						{
							"origin": [0.78819, 1.52292, 1],
							"size": [0.1125, 0.42517, 0.325],
							"pivot": [0.01917, 1.33359, -2.27656],
							"rotation": [0, 0, 22.5],
							"uv": {
								"north": {"uv": [4, 60], "uv_size": [0.5, 0.5]},
								"east": {"uv": [60, 6], "uv_size": [0.5, 0.5]},
								"south": {"uv": [8, 60], "uv_size": [0.5, 0.5]},
								"west": {"uv": [60, 8], "uv_size": [0.5, 0.5]},
								"up": {"uv": [10, 60], "uv_size": [0.5, 0.5]},
								"down": {"uv": [12, 60.5], "uv_size": [0.5, -0.5]}
							}
						},
						{
							"origin": [-0.89777, 1.53759, 1],
							"size": [0.1125, 0.42518, 0.325],
							"pivot": [0.01917, 1.33359, -2.27656],
							"rotation": [0, 0, -22.5],
							"uv": {
								"north": {"uv": [14, 60], "uv_size": [0.5, 0.5]},
								"east": {"uv": [60, 14], "uv_size": [0.5, 0.5]},
								"south": {"uv": [16, 60], "uv_size": [0.5, 0.5]},
								"west": {"uv": [60, 16], "uv_size": [0.5, 0.5]},
								"up": {"uv": [18, 60], "uv_size": [0.5, 0.5]},
								"down": {"uv": [60, 18.5], "uv_size": [0.5, -0.5]}
							}
						},
						{
							"origin": [-1.06875, 1.56397, 1],
							"size": [0.1125, 0.42518, 0.325],
							"uv": {
								"north": {"uv": [20, 60], "uv_size": [0.5, 0.5]},
								"east": {"uv": [60, 20], "uv_size": [0.5, 0.5]},
								"south": {"uv": [22, 60], "uv_size": [0.5, 0.5]},
								"west": {"uv": [60, 22], "uv_size": [0.5, 0.5]},
								"up": {"uv": [24, 60], "uv_size": [0.5, 0.5]},
								"down": {"uv": [28, 60.5], "uv_size": [0.5, -0.5]}
							}
						},
						{
							"origin": [-1.23681, 1.52292, 1],
							"size": [0.1125, 0.42517, 0.325],
							"pivot": [0.01917, 1.33359, -2.27656],
							"rotation": [0, 0, 22.5],
							"uv": {
								"north": {"uv": [30, 60], "uv_size": [0.5, 0.5]},
								"east": {"uv": [36, 60], "uv_size": [0.5, 0.5]},
								"south": {"uv": [46, 60], "uv_size": [0.5, 0.5]},
								"west": {"uv": [50, 60], "uv_size": [0.5, 0.5]},
								"up": {"uv": [52, 60], "uv_size": [0.5, 0.5]},
								"down": {"uv": [54, 60.5], "uv_size": [0.5, -0.5]}
							}
						}
					]
				},
				{
					"name": "ocular",
					"pivot": [0, 1.77, 2.925],
					"cubes": [
						{
							"origin": [0.12863, 0.70413, 0.83125],
							"size": [0.38042, 1.9125, 0.225],
							"pivot": [0.01917, 1.33359, -2.27656],
							"rotation": [0, 0, -45],
							"uv": {
								"south": {"uv": [27, 29], "uv_size": [0.5, 2]}
							}
						},
						{
							"origin": [-0.01923, 0.79393, 0.83125],
							"size": [0.38042, 1.9125, 0.225],
							"pivot": [0.01917, 1.33359, -2.27656],
							"rotation": [0, 0, -22.5],
							"uv": {
								"south": {"uv": [29, 28], "uv_size": [0.5, 2]}
							}
						},
						{
							"origin": [-0.19021, 0.82031, 0.83125],
							"size": [0.38042, 1.9125, 0.225],
							"uv": {
								"south": {"uv": [30, 0], "uv_size": [0.5, 2]}
							}
						},
						{
							"origin": [-0.35827, 0.77926, 0.83125],
							"size": [0.38042, 1.9125, 0.225],
							"pivot": [0.01917, 1.33359, -2.27656],
							"rotation": [0, 0, 22.5],
							"uv": {
								"south": {"uv": [6, 30], "uv_size": [0.5, 2]}
							}
						},
						{
							"origin": [-0.49782, 0.67701, 0.83125],
							"size": [0.38042, 1.9125, 0.225],
							"pivot": [0.01917, 1.33359, -2.27656],
							"rotation": [0, 0, 45],
							"uv": {
								"south": {"uv": [8, 30], "uv_size": [0.5, 2]}
							}
						},
						{
							"origin": [-0.78527, 1.55997, 0.83125],
							"size": [1.9125, 0.38042, 0.225],
							"pivot": [0.01917, 1.33359, -2.27656],
							"rotation": [0, 0, -22.5],
							"uv": {
								"south": {"uv": [10, 30], "uv_size": [2, 0.5]}
							}
						},
						{
							"origin": [-0.95625, 1.58635, 0.83125],
							"size": [1.9125, 0.38042, 0.225],
							"uv": {
								"south": {"uv": [13, 30], "uv_size": [2, 0.5]}
							}
						},
						{
							"origin": [-1.12431, 1.5453, 0.83125],
							"size": [1.9125, 0.38042, 0.225],
							"pivot": [0.01917, 1.33359, -2.27656],
							"rotation": [0, 0, 22.5],
							"uv": {
								"south": {"uv": [31, 8], "uv_size": [2, 0.5]}
							}
						}
					]
				},
				{
					"name": "scope_view",
					"pivot": [0, 1.78125, 4.65]
				},
				{
					"name": "division",
					"pivot": [0, 0.78125, -41],
					"cubes": [
						{
							"origin": [-50, -34.21875, -44.45],
							"size": [100, 20, 2],
							"uv": {
								"south": {"uv": [61.5, 0], "uv_size": [3, 1]}
							}
						},
						{
							"origin": [-50, 17.78125, -44.45],
							"size": [100, 20, 2],
							"uv": {
								"south": {"uv": [62.75, 0.25], "uv_size": [0.5, 0.5]}
							}
						},
						{
							"origin": [16, -14.21875, -44.45],
							"size": [34, 32, 2],
							"uv": {
								"south": {"uv": [61.75, 0.25], "uv_size": [0.5, 0.5]}
							}
						},
						{
							"origin": [-50, -14.21875, -44.45],
							"size": [34, 32, 2],
							"uv": {
								"south": {"uv": [63.75, 0.25], "uv_size": [0.5, 0.5]}
							}
						},
						{
							"origin": [-16, -14.21875, -44.45],
							"size": [32, 32, 2],
							"uv": {
								"south": {"uv": [64, 64], "uv_size": [192, 192]}
							}
						}
					]
				},
				{
					"name": "crosshair_illuminated",
					"parent": "division",
					"pivot": [0, -0.03125, -9],
					"cubes": [
						{
							"origin": [-0.5, 1.21875, -44.2],
							"size": [1, 1, 2],
							"pivot": [0, 1.71875, -43.2],
							"rotation": [0, 0, -45],
							"uv": {
								"south": {"uv": [59.5, 59.5], "uv_size": [4.5, 4.5]}
							}
						}
					]
				}
			]
		}
	]
}