{
	"format_version": "1.12.0",
	"minecraft:geometry": [
		{
			"description": {
				"identifier": "geometry.muzzle_silence_phantom_s1",
				"texture_width": 16,
				"texture_height": 16,
				"visible_bounds_width": 2,
				"visible_bounds_height": 1.5,
				"visible_bounds_offset": [0, 0.25, 0]
			},
			"bones": [
				{
					"name": "G3_muzzle_s",
					"pivot": [0, -10.875, 19.975],
					"cubes": [
						{
							"origin": [-0.46599, -1.125, -10.525],
							"size": [0.93198, 0.75, 9.25],
							"pivot": [0, 0, -2.275],
							"rotation": [0, 0, 45],
							"uv": {
								"north": {"uv": [0.875, 6.5625], "uv_size": [0.0625, 0.0625]},
								"south": {"uv": [1, 6.5625], "uv_size": [0.0625, 0.0625]},
								"up": {"uv": [0.875, 1.9375], "uv_size": [0.0625, 0.59375]},
								"down": {"uv": [1, 2.53125], "uv_size": [0.0625, -0.59375]}
							}
						},
						{
							"origin": [-0.46599, -1.125, -10.525],
							"size": [0.93198, 0.75, 9.25],
							"uv": {
								"north": {"uv": [1.125, 6.5625], "uv_size": [0.0625, 0.0625]},
								"south": {"uv": [1.25, 6.5625], "uv_size": [0.0625, 0.0625]},
								"up": {"uv": [1.125, 1.9375], "uv_size": [0.0625, 0.59375]},
								"down": {"uv": [1.8125, 2.65625], "uv_size": [0.0625, -0.59375]}
							}
						},
						{
							"origin": [-0.46599, 0.375, -10.525],
							"size": [0.93198, 0.75, 9.25],
							"pivot": [0, 0, -2.275],
							"rotation": [0, 0, 45],
							"uv": {
								"north": {"uv": [6.5625, 1.25], "uv_size": [0.0625, 0.0625]},
								"south": {"uv": [6.5625, 1.375], "uv_size": [0.0625, 0.0625]},
								"up": {"uv": [1.9375, 2.0625], "uv_size": [0.0625, 0.59375]},
								"down": {"uv": [2.0625, 2.65625], "uv_size": [0.0625, -0.59375]}
							}
						},
						{
							"origin": [-0.46599, 0.375, -10.525],
							"size": [0.93198, 0.75, 9.25],
							"uv": {
								"north": {"uv": [1.5, 6.5625], "uv_size": [0.0625, 0.0625]},
								"south": {"uv": [1.8125, 6.5625], "uv_size": [0.0625, 0.0625]},
								"up": {"uv": [0.3125, 2.125], "uv_size": [0.0625, 0.59375]},
								"down": {"uv": [0.4375, 2.71875], "uv_size": [0.0625, -0.59375]}
							}
						},
						{
							"origin": [0.375, -0.46599, -10.525],
							"size": [0.75, 0.93198, 9.25],
							"pivot": [0, 0, -2.275],
							"rotation": [0, 0, 45],
							"uv": {
								"north": {"uv": [1.9375, 6.5625], "uv_size": [0.0625, 0.0625]},
								"east": {"uv": [2, 0.25], "uv_size": [0.59375, 0.0625]},
								"south": {"uv": [6.5625, 1.9375], "uv_size": [0.0625, 0.0625]},
								"west": {"uv": [2, 0.375], "uv_size": [0.59375, 0.0625]}
							}
						},
						{
							"origin": [0.375, -0.46599, -10.525],
							"size": [0.75, 0.93198, 9.25],
							"uv": {
								"north": {"uv": [2.0625, 6.5625], "uv_size": [0.0625, 0.0625]},
								"east": {"uv": [2, 0.5], "uv_size": [0.59375, 0.0625]},
								"south": {"uv": [2.1875, 6.5625], "uv_size": [0.0625, 0.0625]},
								"west": {"uv": [2, 0.625], "uv_size": [0.59375, 0.0625]}
							}
						},
						{
							"origin": [-1.125, -0.46599, -10.525],
							"size": [0.75, 0.93198, 9.25],
							"pivot": [0, 0, -2.275],
							"rotation": [0, 0, 45],
							"uv": {
								"north": {"uv": [6.5625, 2.1875], "uv_size": [0.0625, 0.0625]},
								"east": {"uv": [2.0625, 1.0625], "uv_size": [0.59375, 0.0625]},
								"south": {"uv": [2.3125, 6.5625], "uv_size": [0.0625, 0.0625]},
								"west": {"uv": [2.0625, 1.1875], "uv_size": [0.59375, 0.0625]}
							}
						},
						{
							"origin": [-1.125, -0.46599, -10.525],
							"size": [0.75, 0.93198, 9.25],
							"uv": {
								"north": {"uv": [2.5625, 6.5625], "uv_size": [0.0625, 0.0625]},
								"east": {"uv": [2.1875, 0], "uv_size": [0.59375, 0.0625]},
								"south": {"uv": [2.6875, 6.5625], "uv_size": [0.0625, 0.0625]},
								"west": {"uv": [2.1875, 0.125], "uv_size": [0.59375, 0.0625]}
							}
						},
						{
							"origin": [-0.9375, -0.22378, -1.275],
							"size": [1.875, 0.44756, 1.25],
							"pivot": [0, 0, -0.65],
							"rotation": [0, 0, 45],
							"uv": {
								"north": {"uv": [1.625, 6.625], "uv_size": [0.125, 0.03125]},
								"east": {"uv": [7.1875, 6], "uv_size": [0.09375, 0.03125]},
								"south": {"uv": [6.625, 1.625], "uv_size": [0.125, 0.03125]},
								"west": {"uv": [6.25, 7.1875], "uv_size": [0.09375, 0.03125]}
							}
						},
						{
							"origin": [-1.125, -0.22378, -1.275],
							"size": [2.25, 0.44756, 1.25],
							"pivot": [0, 0, -0.65],
							"rotation": [0, 0, 22.5],
							"uv": {
								"north": {"uv": [3.875, 6.25], "uv_size": [0.15625, 0.03125]},
								"east": {"uv": [5.5, 7.1875], "uv_size": [0.09375, 0.03125]},
								"south": {"uv": [6.25, 4.125], "uv_size": [0.15625, 0.03125]},
								"west": {"uv": [5.6875, 7.1875], "uv_size": [0.09375, 0.03125]},
								"up": {"uv": [4.875, 1.9375], "uv_size": [0.15625, 0.09375]},
								"down": {"uv": [2.375, 4.96875], "uv_size": [0.15625, -0.09375]}
							}
						},
						{
							"origin": [-0.875, -0.22378, -1.275],
							"size": [1.75, 0.44756, 1.25],
							"uv": {
								"north": {"uv": [6.625, 0.125], "uv_size": [0.125, 0.03125]},
								"east": {"uv": [7.1875, 4], "uv_size": [0.09375, 0.03125]},
								"south": {"uv": [6.625, 1.5], "uv_size": [0.125, 0.03125]},
								"west": {"uv": [7.1875, 4.875], "uv_size": [0.09375, 0.03125]}
							}
						},
						{
							"origin": [-1.125, -0.22378, -1.275],
							"size": [2.25, 0.44756, 1.25],
							"pivot": [0, 0, -0.65],
							"rotation": [0, 0, -22.5],
							"uv": {
								"north": {"uv": [6.25, 3.125], "uv_size": [0.15625, 0.03125]},
								"east": {"uv": [7.1875, 3.375], "uv_size": [0.09375, 0.03125]},
								"south": {"uv": [3.625, 6.25], "uv_size": [0.15625, 0.03125]},
								"west": {"uv": [7.1875, 3.625], "uv_size": [0.09375, 0.03125]},
								"up": {"uv": [4.8125, 3.625], "uv_size": [0.15625, 0.09375]},
								"down": {"uv": [4.8125, 4.84375], "uv_size": [0.15625, -0.09375]}
							}
						},
						{
							"origin": [-0.22378, -0.9375, -1.275],
							"size": [0.44756, 1.875, 1.25],
							"pivot": [0, 0, -0.65],
							"rotation": [0, 0, 45],
							"uv": {
								"north": {"uv": [6.625, 0.875], "uv_size": [0.03125, 0.125]},
								"south": {"uv": [6.625, 1.0625], "uv_size": [0.03125, 0.125]},
								"up": {"uv": [5.0625, 7.1875], "uv_size": [0.03125, 0.09375]},
								"down": {"uv": [5.1875, 7.28125], "uv_size": [0.03125, -0.09375]}
							}
						},
						{
							"origin": [-0.22378, -1.125, -1.275],
							"size": [0.44756, 2.25, 1.25],
							"pivot": [0, 0, -0.65],
							"rotation": [0, 0, 22.5],
							"uv": {
								"north": {"uv": [3.375, 6.25], "uv_size": [0.03125, 0.15625]},
								"east": {"uv": [4.8125, 2.4375], "uv_size": [0.09375, 0.15625]},
								"south": {"uv": [3.5, 6.25], "uv_size": [0.03125, 0.15625]},
								"west": {"uv": [3, 4.8125], "uv_size": [0.09375, 0.15625]},
								"up": {"uv": [7.1875, 4.6875], "uv_size": [0.03125, 0.09375]},
								"down": {"uv": [4.9375, 7.28125], "uv_size": [0.03125, -0.09375]}
							}
						},
						{
							"origin": [-0.22378, -0.9375, -1.275],
							"size": [0.44756, 1.875, 1.25],
							"uv": {
								"north": {"uv": [6.625, 0.375], "uv_size": [0.03125, 0.125]},
								"south": {"uv": [6.625, 0.5625], "uv_size": [0.03125, 0.125]},
								"up": {"uv": [3.875, 7.1875], "uv_size": [0.03125, 0.09375]},
								"down": {"uv": [7.1875, 4.46875], "uv_size": [0.03125, -0.09375]}
							}
						},
						{
							"origin": [-0.22378, -1.125, -1.275],
							"size": [0.44756, 2.25, 1.25],
							"pivot": [0, 0, -0.65],
							"rotation": [0, 0, -22.5],
							"uv": {
								"north": {"uv": [1.6875, 6.25], "uv_size": [0.03125, 0.15625]},
								"east": {"uv": [1.875, 4.8125], "uv_size": [0.09375, 0.15625]},
								"south": {"uv": [2.875, 6.25], "uv_size": [0.03125, 0.15625]},
								"west": {"uv": [4.8125, 2.1875], "uv_size": [0.09375, 0.15625]},
								"up": {"uv": [7.1875, 3.1875], "uv_size": [0.03125, 0.09375]},
								"down": {"uv": [3.4375, 7.28125], "uv_size": [0.03125, -0.09375]}
							}
						}
					]
				}
			]
		}
	]
}