{
  "format_version": "1.12.0",
  "minecraft:geometry": [
    {
      "description": {
        "identifier": "minecraft:bat#main",
        "texture_width": 64,
        "texture_height": 64
      },
      "bones": [
        {
          "name": "head",
          "pivot": [
            0.0,
            24.0,
            0.0
          ],
          "rotation": [
            0.0,
            0.0,
            0.0
          ],
          "cubes": [
            {
              "origin": [
                -3.0,
                21.0,
                -3.0
              ],
              "size": [
                6.0,
                6.0,
                6.0
              ],
              "inflate": 0.0,
              "uv": [
                0.0,
                0.0
              ],
              "mirror": false
            }
          ]
        },
        {
          "name": "right_ear",
          "parent": "head",
          "pivot": [
            0.0,
            24.0,
            0.0
          ],
          "rotation": [
            0.0,
            0.0,
            0.0
          ],
          "cubes": [
            {
              "origin": [
                -4.0,
                26.0,
                -2.0
              ],
              "size": [
                3.0,
                4.0,
                1.0
              ],
              "inflate": 0.0,
              "uv": [
                24.0,
                0.0
              ],
              "mirror": false
            }
          ]
        },
        {
          "name": "left_ear",
          "parent": "head",
          "pivot": [
            0.0,
            24.0,
            0.0
          ],
          "rotation": [
            0.0,
            0.0,
            0.0
          ],
          "cubes": [
            {
              "origin": [
                1.0,
                26.0,
                -2.0
              ],
              "size": [
                3.0,
                4.0,
                1.0
              ],
              "inflate": 0.0,
              "uv": [
                24.0,
                0.0
              ],
              "mirror": true
            }
          ]
        },
        {
          "name": "body",
          "pivot": [
            0.0,
            24.0,
            0.0
          ],
          "rotation": [
            0.0,
            0.0,
            0.0
          ],
          "cubes": [
            {
              "origin": [
                -3.0,
                8.0,
                -3.0
              ],
              "size": [
                6.0,
                12.0,
                6.0
              ],
              "inflate": 0.0,
              "uv": [
                0.0,
                16.0
              ],
              "mirror": false
            },
            {
              "origin": [
                -5.0,
                2.0,
                0.0
              ],
              "size": [
                10.0,
                6.0,
                1.0
              ],
              "inflate": 0.0,
              "uv": [
                0.0,
                34.0
              ],
              "mirror": false
            }
          ]
        },
        {
          "name": "right_wing",
          "parent": "body",
          "pivot": [
            0.0,
            24.0,
            0.0
          ],
          "rotation": [
            0.0,
            0.0,
            0.0
          ],
          "cubes": [
            {
              "origin": [
                -12.0,
                7.0,
                1.5
              ],
              "size": [
                10.0,
                16.0,
                1.0
              ],
              "inflate": 0.0,
              "uv": [
                42.0,
                0.0
              ],
              "mirror": false
            }
          ]
        },
        {
          "name": "right_wing_tip",
          "parent": "right_wing",
          "pivot": [
            -12.0,
            23.0,
            1.5
          ],
          "rotation": [
            0.0,
            0.0,
            0.0
          ],
          "cubes": [
            {
              "origin": [
                -20.0,
                10.0,
                1.5
              ],
              "size": [
                8.0,
                12.0,
                1.0
              ],
              "inflate": 0.0,
              "uv": [
                24.0,
                16.0
              ],
              "mirror": false
            }
          ]
        },
        {
          "name": "left_wing",
          "parent": "body",
          "pivot": [
            0.0,
            24.0,
            0.0
          ],
          "rotation": [
            0.0,
            0.0,
            0.0
          ],
          "cubes": [
            {
              "origin": [
                2.0,
                7.0,
                1.5
              ],
              "size": [
                10.0,
                16.0,
                1.0
              ],
              "inflate": 0.0,
              "uv": [
                42.0,
                0.0
              ],
              "mirror": true
            }
          ]
        },
        {
          "name": "left_wing_tip",
          "parent": "left_wing",
          "pivot": [
            12.0,
            23.0,
            1.5
          ],
          "rotation": [
            0.0,
            0.0,
            0.0
          ],
          "cubes": [
            {
              "origin": [
                12.0,
                10.0,
                1.5
              ],
              "size": [
                8.0,
                12.0,
                1.0
              ],
              "inflate": 0.0,
              "uv": [
                24.0,
                16.0
              ],
              "mirror": true
            }
          ]
        }
      ]
    }
  ]
}