{
  "format_version": "1.12.0",
  "minecraft:geometry": [
    {
      "description": {
        "identifier": "minecraft:cat#main",
        "texture_width": 64,
        "texture_height": 32
      },
      "bones": [
        {
          "name": "head",
          "pivot": [
            0.0,
            9.0,
            -9.0
          ],
          "rotation": [
            0.0,
            0.0,
            0.0
          ],
          "cubes": [
            {
              "origin": [
                -2.5,
                7.0,
                -12.0
              ],
              "size": [
                5.0,
                4.0,
                5.0
              ],
              "inflate": 0.0,
              "uv": [
                0.0,
                0.0
              ],
              "mirror": false
            },
            {
              "origin": [
                -1.5,
                7.001,
                -13.0
              ],
              "size": [
                3.0,
                2.0,
                2.0
              ],
              "inflate": 0.0,
              "uv": [
                0.0,
                24.0
              ],
              "mirror": false
            },
            {
              "origin": [
                -2.0,
                11.0,
                -9.0
              ],
              "size": [
                1.0,
                1.0,
                2.0
              ],
              "inflate": 0.0,
              "uv": [
                0.0,
                10.0
              ],
              "mirror": false
            },
            {
              "origin": [
                1.0,
                11.0,
                -9.0
              ],
              "size": [
                1.0,
                1.0,
                2.0
              ],
              "inflate": 0.0,
              "uv": [
                6.0,
                10.0
              ],
              "mirror": false
            }
          ]
        },
        {
          "name": "tail1",
          "pivot": [
            0.0,
            9.0,
            8.0
          ],
          "rotation": [
            51.56620019573626,
            0.0,
            0.0
          ],
          "cubes": [
            {
              "origin": [
                -0.5,
                1.0,
                8.0
              ],
              "size": [
                1.0,
                8.0,
                1.0
              ],
              "inflate": 0.0,
              "uv": [
                0.0,
                15.0
              ],
              "mirror": false
            }
          ]
        },
        {
          "name": "right_front_leg",
          "pivot": [
            -1.2,
            9.9,
            -5.0
          ],
          "rotation": [
            0.0,
            0.0,
            0.0
          ],
          "cubes": [
            {
              "origin": [
                -2.2,
                -0.10000038,
                -5.0
              ],
              "size": [
                2.0,
                10.0,
                2.0
              ],
              "inflate": 0.0,
              "uv": [
                40.0,
                0.0
              ],
              "mirror": false
            }
          ]
        },
        {
          "name": "tail2",
          "pivot": [
            0.0,
            4.0,
            14.0
          ],
          "rotation": [
            0.0,
            0.0,
            0.0
          ],
          "cubes": [
            {
              "origin": [
                -0.5,
                -4.0,
                14.0
              ],
              "size": [
                1.0,
                8.0,
                1.0
              ],
              "inflate": -0.019999999552965164,
              "uv": [
                4.0,
                15.0
              ],
              "mirror": false
            }
          ]
        },
        {
          "name": "right_hind_leg",
          "pivot": [
            -1.1,
            6.0,
            5.0
          ],
          "rotation": [
            0.0,
            0.0,
            0.0
          ],
          "cubes": [
            {
              "origin": [
                -2.1,
                -0.0,
                6.0
              ],
              "size": [
                2.0,
                6.0,
                2.0
              ],
              "inflate": 0.0,
              "uv": [
                8.0,
                13.0
              ],
              "mirror": false
            }
          ]
        },
        {
          "name": "left_hind_leg",
          "pivot": [
            1.1,
            6.0,
            5.0
          ],
          "rotation": [
            0.0,
            0.0,
            0.0
          ],
          "cubes": [
            {
              "origin": [
                0.100000024,
                -0.0,
                6.0
              ],
              "size": [
                2.0,
                6.0,
                2.0
              ],
              "inflate": 0.0,
              "uv": [
                8.0,
                13.0
              ],
              "mirror": false
            }
          ]
        },
        {
          "name": "body",
          "pivot": [
            0.0,
            12.0,
            -10.0
          ],
          "rotation": [
            90.00000250447816,
            0.0,
            0.0
          ],
          "cubes": [
            {
              "origin": [
                -2.0,
                -7.0,
                -18.0
              ],
              "size": [
                4.0,
                16.0,
                6.0
              ],
              "inflate": 0.0,
              "uv": [
                20.0,
                0.0
              ],
              "mirror": false
            }
          ]
        },
        {
          "name": "left_front_leg",
          "pivot": [
            1.2,
            9.9,
            -5.0
          ],
          "rotation": [
            0.0,
            0.0,
            0.0
          ],
          "cubes": [
            {
              "origin": [
                0.20000005,
                -0.10000038,
                -5.0
              ],
              "size": [
                2.0,
                10.0,
                2.0
              ],
              "inflate": 0.0,
              "uv": [
                40.0,
                0.0
              ],
              "mirror": false
            }
          ]
        }
      ]
    }
  ]
}