{
  "format_version": "1.12.0",
  "minecraft:geometry": [
    {
      "description": {
        "identifier": "minecraft:double_chest_right#main",
        "texture_width": 64,
        "texture_height": 64
      },
      "bones": [
        {
          "name": "bottom",
          "pivot": [
            0.0,
            24.0,
            0.0
          ],
          "rotation": [
            0.0,
            0.0,
            0.0
          ],
          "cubes": [
            {
              "origin": [
                1.0,
                14.0,
                1.0
              ],
              "size": [
                15.0,
                10.0,
                14.0
              ],
              "inflate": 0.0,
              "uv": [
                0.0,
                19.0
              ],
              "mirror": false
            }
          ]
        },
        {
          "name": "lid",
          "pivot": [
            0.0,
            15.0,
            1.0
          ],
          "rotation": [
            0.0,
            0.0,
            0.0
          ],
          "cubes": [
            {
              "origin": [
                1.0,
                10.0,
                1.0
              ],
              "size": [
                15.0,
                5.0,
                14.0
              ],
              "inflate": 0.0,
              "uv": [
                0.0,
                0.0
              ],
              "mirror": false
            }
          ]
        },
        {
          "name": "lock",
          "pivot": [
            0.0,
            15.0,
            1.0
          ],
          "rotation": [
            0.0,
            0.0,
            0.0
          ],
          "cubes": [
            {
              "origin": [
                15.0,
                13.0,
                15.0
              ],
              "size": [
                1.0,
                4.0,
                1.0
              ],
              "inflate": 0.0,
              "uv": [
                0.0,
                0.0
              ],
              "mirror": false
            }
          ]
        }
      ]
    }
  ]
}