{
  "format_version": "1.12.0",
  "minecraft:geometry": [
    {
      "description": {
        "identifier": "minecraft:goat#main",
        "texture_width": 64,
        "texture_height": 64
      },
      "bones": [
        {
          "name": "head",
          "pivot": [
            1.0,
            10.0,
            0.0
          ],
          "rotation": [
            0.0,
            0.0,
            0.0
          ],
          "cubes": [
            {
              "origin": [
                -5.0,
                19.0,
                -10.0
              ],
              "size": [
                3.0,
                2.0,
                1.0
              ],
              "inflate": 0.0,
              "uv": [
                2.0,
                61.0
              ],
              "mirror": false
            },
            {
              "origin": [
                3.0,
                19.0,
                -10.0
              ],
              "size": [
                3.0,
                2.0,
                1.0
              ],
              "inflate": 0.0,
              "uv": [
                2.0,
                61.0
              ],
              "mirror": true
            },
            {
              "origin": [
                0.5,
                6.0,
                -14.0
              ],
              "size": [
                0.0,
                7.0,
                5.0
              ],
              "inflate": 0.0,
              "uv": [
                23.0,
                52.0
              ],
              "mirror": true
            }
          ]
        },
        {
          "name": "nose",
          "parent": "head",
          "pivot": [
            1.0,
            18.0,
            -8.0
          ],
          "rotation": [
            54.99821998950593,
            0.0,
            0.0
          ],
          "cubes": [
            {
              "origin": [
                -2.0,
                15.0,
                -16.0
              ],
              "size": [
                5.0,
                7.0,
                10.0
              ],
              "inflate": 0.0,
              "uv": [
                34.0,
                46.0
              ],
              "mirror": false
            }
          ]
        },
        {
          "name": "right_horn",
          "parent": "head",
          "pivot": [
            1.0,
            10.0,
            0.0
          ],
          "rotation": [
            0.0,
            0.0,
            0.0
          ],
          "cubes": [
            {
              "origin": [
                -1.99,
                19.0,
                -10.0
              ],
              "size": [
                2.0,
                7.0,
                2.0
              ],
              "inflate": 0.0,
              "uv": [
                12.0,
                55.0
              ],
              "mirror": false
            }
          ]
        },
        {
          "name": "left_horn",
          "parent": "head",
          "pivot": [
            1.0,
            10.0,
            0.0
          ],
          "rotation": [
            0.0,
            0.0,
            0.0
          ],
          "cubes": [
            {
              "origin": [
                0.99,
                19.0,
                -10.0
              ],
              "size": [
                2.0,
                7.0,
                2.0
              ],
              "inflate": 0.0,
              "uv": [
                12.0,
                55.0
              ],
              "mirror": false
            }
          ]
        },
        {
          "name": "right_front_leg",
          "pivot": [
            -3.0,
            10.0,
            -6.0
          ],
          "rotation": [
            0.0,
            0.0,
            0.0
          ],
          "cubes": [
            {
              "origin": [
                -3.0,
                -0.0,
                -6.0
              ],
              "size": [
                3.0,
                10.0,
                3.0
              ],
              "inflate": 0.0,
              "uv": [
                35.0,
                2.0
              ],
              "mirror": false
            }
          ]
        },
        {
          "name": "right_hind_leg",
          "pivot": [
            -3.0,
            10.0,
            4.0
          ],
          "rotation": [
            0.0,
            0.0,
            0.0
          ],
          "cubes": [
            {
              "origin": [
                -3.0,
                -0.0,
                4.0
              ],
              "size": [
                3.0,
                6.0,
                3.0
              ],
              "inflate": 0.0,
              "uv": [
                49.0,
                29.0
              ],
              "mirror": false
            }
          ]
        },
        {
          "name": "left_hind_leg",
          "pivot": [
            1.0,
            10.0,
            4.0
          ],
          "rotation": [
            0.0,
            0.0,
            0.0
          ],
          "cubes": [
            {
              "origin": [
                1.0,
                -0.0,
                4.0
              ],
              "size": [
                3.0,
                6.0,
                3.0
              ],
              "inflate": 0.0,
              "uv": [
                36.0,
                29.0
              ],
              "mirror": false
            }
          ]
        },
        {
          "name": "body",
          "pivot": [
            0.0,
            -0.0,
            0.0
          ],
          "rotation": [
            0.0,
            0.0,
            0.0
          ],
          "cubes": [
            {
              "origin": [
                -4.0,
                6.0,
                -7.0
              ],
              "size": [
                9.0,
                11.0,
                16.0
              ],
              "inflate": 0.0,
              "uv": [
                1.0,
                1.0
              ],
              "mirror": false
            },
            {
              "origin": [
                -5.0,
                4.0,
                -8.0
              ],
              "size": [
                11.0,
                14.0,
                11.0
              ],
              "inflate": 0.0,
              "uv": [
                0.0,
                28.0
              ],
              "mirror": false
            }
          ]
        },
        {
          "name": "left_front_leg",
          "pivot": [
            1.0,
            10.0,
            -6.0
          ],
          "rotation": [
            0.0,
            0.0,
            0.0
          ],
          "cubes": [
            {
              "origin": [
                1.0,
                -0.0,
                -6.0
              ],
              "size": [
                3.0,
                10.0,
                3.0
              ],
              "inflate": 0.0,
              "uv": [
                49.0,
                2.0
              ],
              "mirror": false
            }
          ]
        }
      ]
    }
  ]
}