{
  "format_version": "1.12.0",
  "minecraft:geometry": [
    {
      "description": {
        "identifier": "minecraft:magma_cube#main",
        "texture_width": 64,
        "texture_height": 32
      },
      "bones": [
        {
          "name": "cube0",
          "pivot": [
            0.0,
            24.0,
            0.0
          ],
          "rotation": [
            0.0,
            0.0,
            0.0
          ],
          "cubes": [
            {
              "origin": [
                -4.0,
                7.0,
                -4.0
              ],
              "size": [
                8.0,
                1.0,
                8.0
              ],
              "inflate": 0.0,
              "uv": [
                0.0,
                0.0
              ],
              "mirror": false
            }
          ]
        },
        {
          "name": "cube2",
          "pivot": [
            0.0,
            24.0,
            0.0
          ],
          "rotation": [
            0.0,
            0.0,
            0.0
          ],
          "cubes": [
            {
              "origin": [
                -4.0,
                5.0,
                -4.0
              ],
              "size": [
                8.0,
                1.0,
                8.0
              ],
              "inflate": 0.0,
              "uv": [
                24.0,
                10.0
              ],
              "mirror": false
            }
          ]
        },
        {
          "name": "cube1",
          "pivot": [
            0.0,
            24.0,
            0.0
          ],
          "rotation": [
            0.0,
            0.0,
            0.0
          ],
          "cubes": [
            {
              "origin": [
                -4.0,
                6.0,
                -4.0
              ],
              "size": [
                8.0,
                1.0,
                8.0
              ],
              "inflate": 0.0,
              "uv": [
                0.0,
                1.0
              ],
              "mirror": false
            }
          ]
        },
        {
          "name": "cube4",
          "pivot": [
            0.0,
            24.0,
            0.0
          ],
          "rotation": [
            0.0,
            0.0,
            0.0
          ],
          "cubes": [
            {
              "origin": [
                -4.0,
                3.0,
                -4.0
              ],
              "size": [
                8.0,
                1.0,
                8.0
              ],
              "inflate": 0.0,
              "uv": [
                0.0,
                4.0
              ],
              "mirror": false
            }
          ]
        },
        {
          "name": "cube3",
          "pivot": [
            0.0,
            24.0,
            0.0
          ],
          "rotation": [
            0.0,
            0.0,
            0.0
          ],
          "cubes": [
            {
              "origin": [
                -4.0,
                4.0,
                -4.0
              ],
              "size": [
                8.0,
                1.0,
                8.0
              ],
              "inflate": 0.0,
              "uv": [
                24.0,
                19.0
              ],
              "mirror": false
            }
          ]
        },
        {
          "name": "cube6",
          "pivot": [
            0.0,
            24.0,
            0.0
          ],
          "rotation": [
            0.0,
            0.0,
            0.0
          ],
          "cubes": [
            {
              "origin": [
                -4.0,
                1.0,
                -4.0
              ],
              "size": [
                8.0,
                1.0,
                8.0
              ],
              "inflate": 0.0,
              "uv": [
                0.0,
                6.0
              ],
              "mirror": false
            }
          ]
        },
        {
          "name": "cube5",
          "pivot": [
            0.0,
            24.0,
            0.0
          ],
          "rotation": [
            0.0,
            0.0,
            0.0
          ],
          "cubes": [
            {
              "origin": [
                -4.0,
                2.0,
                -4.0
              ],
              "size": [
                8.0,
                1.0,
                8.0
              ],
              "inflate": 0.0,
              "uv": [
                0.0,
                5.0
              ],
              "mirror": false
            }
          ]
        },
        {
          "name": "cube7",
          "pivot": [
            0.0,
            24.0,
            0.0
          ],
          "rotation": [
            0.0,
            0.0,
            0.0
          ],
          "cubes": [
            {
              "origin": [
                -4.0,
                -0.0,
                -4.0
              ],
              "size": [
                8.0,
                1.0,
                8.0
              ],
              "inflate": 0.0,
              "uv": [
                0.0,
                7.0
              ],
              "mirror": false
            }
          ]
        },
        {
          "name": "inside_cube",
          "pivot": [
            0.0,
            24.0,
            0.0
          ],
          "rotation": [
            0.0,
            0.0,
            0.0
          ],
          "cubes": [
            {
              "origin": [
                -2.0,
                2.0,
                -2.0
              ],
              "size": [
                4.0,
                4.0,
                4.0
              ],
              "inflate": 0.0,
              "uv": [
                0.0,
                16.0
              ],
              "mirror": false
            }
          ]
        }
      ]
    }
  ]
}