{
  "format_version": "1.12.0",
  "minecraft:geometry": [
    {
      "description": {
        "identifier": "minecraft:axolotl#main",
        "texture_width": 64,
        "texture_height": 64
      },
      "bones": [
        {
          "name": "body",
          "pivot": [
            0.0,
            4.0,
            5.0
          ],
          "rotation": [
            0.0,
            0.0,
            0.0
          ],
          "cubes": [
            {
              "origin": [
                -4.0,
                2.0,
                -4.0
              ],
              "size": [
                8.0,
                4.0,
                10.0
              ],
              "inflate": 0.0,
              "uv": [
                0.0,
                11.0
              ],
              "mirror": false
            },
            {
              "origin": [
                0.0,
                2.0,
                -3.0
              ],
              "size": [
                0.0,
                5.0,
                9.0
              ],
              "inflate": 0.0,
              "uv": [
                2.0,
                17.0
              ],
              "mirror": false
            }
          ]
        },
        {
          "name": "head",
          "parent": "body",
          "pivot": [
            0.0,
            4.0,
            -4.0
          ],
          "rotation": [
            0.0,
            0.0,
            0.0
          ],
          "cubes": [
            {
              "origin": [
                -4.0,
                2.0,
                -9.0
              ],
              "size": [
                8.0,
                5.0,
                5.0
              ],
              "inflate": 0.001000000008692344,
              "uv": [
                0.0,
                1.0
              ],
              "mirror": false
            }
          ]
        },
        {
          "name": "top_gills",
          "parent": "head",
          "pivot": [
            0.0,
            7.0,
            -5.0
          ],
          "rotation": [
            0.0,
            0.0,
            0.0
          ],
          "cubes": [
            {
              "origin": [
                -4.0,
                7.0,
                -5.0
              ],
              "size": [
                8.0,
                3.0,
                0.0
              ],
              "inflate": 0.001000000008692344,
              "uv": [
                3.0,
                37.0
              ],
              "mirror": false
            }
          ]
        },
        {
          "name": "left_gills",
          "parent": "head",
          "pivot": [
            -4.0,
            4.0,
            -5.0
          ],
          "rotation": [
            0.0,
            0.0,
            0.0
          ],
          "cubes": [
            {
              "origin": [
                -7.0,
                2.0,
                -5.0
              ],
              "size": [
                3.0,
                7.0,
                0.0
              ],
              "inflate": 0.001000000008692344,
              "uv": [
                0.0,
                40.0
              ],
              "mirror": false
            }
          ]
        },
        {
          "name": "right_gills",
          "parent": "head",
          "pivot": [
            4.0,
            4.0,
            -5.0
          ],
          "rotation": [
            0.0,
            0.0,
            0.0
          ],
          "cubes": [
            {
              "origin": [
                4.0,
                2.0,
                -5.0
              ],
              "size": [
                3.0,
                7.0,
                0.0
              ],
              "inflate": 0.001000000008692344,
              "uv": [
                11.0,
                40.0
              ],
              "mirror": false
            }
          ]
        },
        {
          "name": "right_front_leg",
          "parent": "body",
          "pivot": [
            -3.5,
            3.0,
            -3.0
          ],
          "rotation": [
            0.0,
            0.0,
            0.0
          ],
          "cubes": [
            {
              "origin": [
                -5.5,
                -2.0,
                -3.0
              ],
              "size": [
                3.0,
                5.0,
                0.0
              ],
              "inflate": 0.001000000008692344,
              "uv": [
                2.0,
                13.0
              ],
              "mirror": false
            }
          ]
        },
        {
          "name": "right_hind_leg",
          "parent": "body",
          "pivot": [
            -3.5,
            3.0,
            4.0
          ],
          "rotation": [
            0.0,
            0.0,
            0.0
          ],
          "cubes": [
            {
              "origin": [
                -5.5,
                -2.0,
                4.0
              ],
              "size": [
                3.0,
                5.0,
                0.0
              ],
              "inflate": 0.001000000008692344,
              "uv": [
                2.0,
                13.0
              ],
              "mirror": false
            }
          ]
        },
        {
          "name": "tail",
          "parent": "body",
          "pivot": [
            0.0,
            4.0,
            6.0
          ],
          "rotation": [
            0.0,
            0.0,
            0.0
          ],
          "cubes": [
            {
              "origin": [
                0.0,
                2.0,
                6.0
              ],
              "size": [
                0.0,
                5.0,
                12.0
              ],
              "inflate": 0.0,
              "uv": [
                2.0,
                19.0
              ],
              "mirror": false
            }
          ]
        },
        {
          "name": "left_hind_leg",
          "parent": "body",
          "pivot": [
            3.5,
            3.0,
            4.0
          ],
          "rotation": [
            0.0,
            0.0,
            0.0
          ],
          "cubes": [
            {
              "origin": [
                2.5,
                -2.0,
                4.0
              ],
              "size": [
                3.0,
                5.0,
                0.0
              ],
              "inflate": 0.001000000008692344,
              "uv": [
                2.0,
                13.0
              ],
              "mirror": false
            }
          ]
        },
        {
          "name": "left_front_leg",
          "parent": "body",
          "pivot": [
            3.5,
            3.0,
            -3.0
          ],
          "rotation": [
            0.0,
            0.0,
            0.0
          ],
          "cubes": [
            {
              "origin": [
                2.5,
                -2.0,
                -3.0
              ],
              "size": [
                3.0,
                5.0,
                0.0
              ],
              "inflate": 0.001000000008692344,
              "uv": [
                2.0,
                13.0
              ],
              "mirror": false
            }
          ]
        }
      ]
    }
  ]
}