{
  "format_version": "1.12.0",
  "minecraft:geometry": [
    {
      "description": {
        "identifier": "minecraft:ender_dragon#main",
        "texture_width": 256,
        "texture_height": 256
      },
      "bones": [
        {
          "name": "head",
          "pivot": [
            0.0,
            24.0,
            0.0
          ],
          "rotation": [
            0.0,
            0.0,
            0.0
          ],
          "cubes": [
            {
              "origin": [
                -6.0,
                20.0,
                -24.0
              ],
              "size": [
                12.0,
                5.0,
                16.0
              ],
              "inflate": 0.0,
              "uv": [
                176.0,
                44.0
              ],
              "mirror": false
            },
            {
              "origin": [
                -8.0,
                16.0,
                -10.0
              ],
              "size": [
                16.0,
                16.0,
                16.0
              ],
              "inflate": 0.0,
              "uv": [
                112.0,
                30.0
              ],
              "mirror": false
            },
            {
              "origin": [
                -5.0,
                32.0,
                -4.0
              ],
              "size": [
                2.0,
                4.0,
                6.0
              ],
              "inflate": 0.0,
              "uv": [
                0.0,
                0.0
              ],
              "mirror": true
            },
            {
              "origin": [
                -5.0,
                25.0,
                -22.0
              ],
              "size": [
                2.0,
                2.0,
                4.0
              ],
              "inflate": 0.0,
              "uv": [
                112.0,
                0.0
              ],
              "mirror": true
            },
            {
              "origin": [
                3.0,
                32.0,
                -4.0
              ],
              "size": [
                2.0,
                4.0,
                6.0
              ],
              "inflate": 0.0,
              "uv": [
                0.0,
                0.0
              ],
              "mirror": true
            },
            {
              "origin": [
                3.0,
                25.0,
                -22.0
              ],
              "size": [
                2.0,
                2.0,
                4.0
              ],
              "inflate": 0.0,
              "uv": [
                112.0,
                0.0
              ],
              "mirror": true
            }
          ]
        },
        {
          "name": "jaw",
          "parent": "head",
          "pivot": [
            0.0,
            20.0,
            -8.0
          ],
          "rotation": [
            0.0,
            0.0,
            0.0
          ],
          "cubes": [
            {
              "origin": [
                -6.0,
                16.0,
                -24.0
              ],
              "size": [
                12.0,
                4.0,
                16.0
              ],
              "inflate": 0.0,
              "uv": [
                176.0,
                65.0
              ],
              "mirror": false
            }
          ]
        },
        {
          "name": "right_front_leg",
          "pivot": [
            -12.0,
            4.0,
            2.0
          ],
          "rotation": [
            0.0,
            0.0,
            0.0
          ],
          "cubes": [
            {
              "origin": [
                -16.0,
                -16.0,
                -2.0
              ],
              "size": [
                8.0,
                24.0,
                8.0
              ],
              "inflate": 0.0,
              "uv": [
                112.0,
                104.0
              ],
              "mirror": false
            }
          ]
        },
        {
          "name": "right_front_leg_tip",
          "parent": "right_front_leg",
          "pivot": [
            -12.0,
            -16.0,
            1.0
          ],
          "rotation": [
            0.0,
            0.0,
            0.0
          ],
          "cubes": [
            {
              "origin": [
                -15.0,
                -39.0,
                -2.0
              ],
              "size": [
                6.0,
                24.0,
                6.0
              ],
              "inflate": 0.0,
              "uv": [
                226.0,
                138.0
              ],
              "mirror": false
            }
          ]
        },
        {
          "name": "right_front_foot",
          "parent": "right_front_leg_tip",
          "pivot": [
            -12.0,
            -39.0,
            1.0
          ],
          "rotation": [
            0.0,
            0.0,
            0.0
          ],
          "cubes": [
            {
              "origin": [
                -16.0,
                -43.0,
                -11.0
              ],
              "size": [
                8.0,
                4.0,
                16.0
              ],
              "inflate": 0.0,
              "uv": [
                144.0,
                104.0
              ],
              "mirror": false
            }
          ]
        },
        {
          "name": "right_hind_leg",
          "pivot": [
            -16.0,
            8.0,
            42.0
          ],
          "rotation": [
            0.0,
            0.0,
            0.0
          ],
          "cubes": [
            {
              "origin": [
                -24.0,
                -20.0,
                34.0
              ],
              "size": [
                16.0,
                32.0,
                16.0
              ],
              "inflate": 0.0,
              "uv": [
                0.0,
                0.0
              ],
              "mirror": false
            }
          ]
        },
        {
          "name": "right_hind_leg_tip",
          "parent": "right_hind_leg",
          "pivot": [
            -16.0,
            -24.0,
            38.0
          ],
          "rotation": [
            0.0,
            0.0,
            0.0
          ],
          "cubes": [
            {
              "origin": [
                -22.0,
                -54.0,
                38.0
              ],
              "size": [
                12.0,
                32.0,
                12.0
              ],
              "inflate": 0.0,
              "uv": [
                196.0,
                0.0
              ],
              "mirror": false
            }
          ]
        },
        {
          "name": "right_hind_foot",
          "parent": "right_hind_leg_tip",
          "pivot": [
            -16.0,
            -55.0,
            42.0
          ],
          "rotation": [
            0.0,
            0.0,
            0.0
          ],
          "cubes": [
            {
              "origin": [
                -25.0,
                -61.0,
                22.0
              ],
              "size": [
                18.0,
                6.0,
                24.0
              ],
              "inflate": 0.0,
              "uv": [
                112.0,
                0.0
              ],
              "mirror": false
            }
          ]
        },
        {
          "name": "right_wing",
          "pivot": [
            -12.0,
            19.0,
            2.0
          ],
          "rotation": [
            0.0,
            0.0,
            0.0
          ],
          "cubes": [
            {
              "origin": [
                -68.0,
                15.0,
                -2.0
              ],
              "size": [
                56.0,
                8.0,
                8.0
              ],
              "inflate": 0.0,
              "uv": [
                112.0,
                88.0
              ],
              "mirror": false
            },
            {
              "origin": [
                -68.0,
                19.0,
                4.0
              ],
              "size": [
                56.0,
                0.0,
                56.0
              ],
              "inflate": 0.0,
              "uv": [
                -56.0,
                88.0
              ],
              "mirror": false
            }
          ]
        },
        {
          "name": "right_wing_tip",
          "parent": "right_wing",
          "pivot": [
            -68.0,
            19.0,
            2.0
          ],
          "rotation": [
            0.0,
            0.0,
            0.0
          ],
          "cubes": [
            {
              "origin": [
                -124.0,
                17.0,
                0.0
              ],
              "size": [
                56.0,
                4.0,
                4.0
              ],
              "inflate": 0.0,
              "uv": [
                112.0,
                136.0
              ],
              "mirror": false
            },
            {
              "origin": [
                -124.0,
                19.0,
                4.0
              ],
              "size": [
                56.0,
                0.0,
                56.0
              ],
              "inflate": 0.0,
              "uv": [
                -56.0,
                144.0
              ],
              "mirror": false
            }
          ]
        },
        {
          "name": "left_wing",
          "pivot": [
            12.0,
            19.0,
            2.0
          ],
          "rotation": [
            0.0,
            0.0,
            0.0
          ],
          "cubes": [
            {
              "origin": [
                12.0,
                15.0,
                -2.0
              ],
              "size": [
                56.0,
                8.0,
                8.0
              ],
              "inflate": 0.0,
              "uv": [
                112.0,
                88.0
              ],
              "mirror": true
            },
            {
              "origin": [
                12.0,
                19.0,
                4.0
              ],
              "size": [
                56.0,
                0.0,
                56.0
              ],
              "inflate": 0.0,
              "uv": [
                -56.0,
                88.0
              ],
              "mirror": true
            }
          ]
        },
        {
          "name": "left_wing_tip",
          "parent": "left_wing",
          "pivot": [
            68.0,
            19.0,
            2.0
          ],
          "rotation": [
            0.0,
            0.0,
            0.0
          ],
          "cubes": [
            {
              "origin": [
                68.0,
                17.0,
                0.0
              ],
              "size": [
                56.0,
                4.0,
                4.0
              ],
              "inflate": 0.0,
              "uv": [
                112.0,
                136.0
              ],
              "mirror": true
            },
            {
              "origin": [
                68.0,
                19.0,
                4.0
              ],
              "size": [
                56.0,
                0.0,
                56.0
              ],
              "inflate": 0.0,
              "uv": [
                -56.0,
                144.0
              ],
              "mirror": true
            }
          ]
        },
        {
          "name": "left_hind_leg",
          "pivot": [
            16.0,
            8.0,
            42.0
          ],
          "rotation": [
            0.0,
            0.0,
            0.0
          ],
          "cubes": [
            {
              "origin": [
                8.0,
                -20.0,
                34.0
              ],
              "size": [
                16.0,
                32.0,
                16.0
              ],
              "inflate": 0.0,
              "uv": [
                0.0,
                0.0
              ],
              "mirror": false
            }
          ]
        },
        {
          "name": "left_hind_leg_tip",
          "parent": "left_hind_leg",
          "pivot": [
            16.0,
            -24.0,
            38.0
          ],
          "rotation": [
            0.0,
            0.0,
            0.0
          ],
          "cubes": [
            {
              "origin": [
                10.0,
                -54.0,
                38.0
              ],
              "size": [
                12.0,
                32.0,
                12.0
              ],
              "inflate": 0.0,
              "uv": [
                196.0,
                0.0
              ],
              "mirror": false
            }
          ]
        },
        {
          "name": "left_hind_foot",
          "parent": "left_hind_leg_tip",
          "pivot": [
            16.0,
            -55.0,
            42.0
          ],
          "rotation": [
            0.0,
            0.0,
            0.0
          ],
          "cubes": [
            {
              "origin": [
                7.0,
                -61.0,
                22.0
              ],
              "size": [
                18.0,
                6.0,
                24.0
              ],
              "inflate": 0.0,
              "uv": [
                112.0,
                0.0
              ],
              "mirror": false
            }
          ]
        },
        {
          "name": "neck",
          "pivot": [
            0.0,
            24.0,
            0.0
          ],
          "rotation": [
            0.0,
            0.0,
            0.0
          ],
          "cubes": [
            {
              "origin": [
                -5.0,
                19.0,
                -5.0
              ],
              "size": [
                10.0,
                10.0,
                10.0
              ],
              "inflate": 0.0,
              "uv": [
                192.0,
                104.0
              ],
              "mirror": false
            },
            {
              "origin": [
                -1.0,
                29.0,
                -3.0
              ],
              "size": [
                2.0,
                4.0,
                6.0
              ],
              "inflate": 0.0,
              "uv": [
                48.0,
                0.0
              ],
              "mirror": false
            }
          ]
        },
        {
          "name": "body",
          "pivot": [
            0.0,
            20.0,
            8.0
          ],
          "rotation": [
            0.0,
            0.0,
            0.0
          ],
          "cubes": [
            {
              "origin": [
                -12.0,
                -4.0,
                -8.0
              ],
              "size": [
                24.0,
                24.0,
                64.0
              ],
              "inflate": 0.0,
              "uv": [
                0.0,
                0.0
              ],
              "mirror": false
            },
            {
              "origin": [
                -1.0,
                20.0,
                -2.0
              ],
              "size": [
                2.0,
                6.0,
                12.0
              ],
              "inflate": 0.0,
              "uv": [
                220.0,
                53.0
              ],
              "mirror": false
            },
            {
              "origin": [
                -1.0,
                20.0,
                18.0
              ],
              "size": [
                2.0,
                6.0,
                12.0
              ],
              "inflate": 0.0,
              "uv": [
                220.0,
                53.0
              ],
              "mirror": false
            },
            {
              "origin": [
                -1.0,
                20.0,
                38.0
              ],
              "size": [
                2.0,
                6.0,
                12.0
              ],
              "inflate": 0.0,
              "uv": [
                220.0,
                53.0
              ],
              "mirror": false
            }
          ]
        },
        {
          "name": "left_front_leg",
          "pivot": [
            12.0,
            4.0,
            2.0
          ],
          "rotation": [
            0.0,
            0.0,
            0.0
          ],
          "cubes": [
            {
              "origin": [
                8.0,
                -16.0,
                -2.0
              ],
              "size": [
                8.0,
                24.0,
                8.0
              ],
              "inflate": 0.0,
              "uv": [
                112.0,
                104.0
              ],
              "mirror": false
            }
          ]
        },
        {
          "name": "left_front_leg_tip",
          "parent": "left_front_leg",
          "pivot": [
            12.0,
            -16.0,
            1.0
          ],
          "rotation": [
            0.0,
            0.0,
            0.0
          ],
          "cubes": [
            {
              "origin": [
                9.0,
                -39.0,
                -2.0
              ],
              "size": [
                6.0,
                24.0,
                6.0
              ],
              "inflate": 0.0,
              "uv": [
                226.0,
                138.0
              ],
              "mirror": false
            }
          ]
        },
        {
          "name": "left_front_foot",
          "parent": "left_front_leg_tip",
          "pivot": [
            12.0,
            -39.0,
            1.0
          ],
          "rotation": [
            0.0,
            0.0,
            0.0
          ],
          "cubes": [
            {
              "origin": [
                8.0,
                -43.0,
                -11.0
              ],
              "size": [
                8.0,
                4.0,
                16.0
              ],
              "inflate": 0.0,
              "uv": [
                144.0,
                104.0
              ],
              "mirror": false
            }
          ]
        }
      ]
    }
  ]
}