{
  "model": "tac:gun/ai_awp_geo",
  "texture": "tac:gun/uv/ai_awp",
  "lod": {
    "model": "tac:gun/lod/ai_awp",
    "texture": "tac:gun/lod/ai_awp"
  },
  "hud": "tac:gun/hud/ai_awp",
  "slot": "tac:gun/slot/ai_awp",
  "animation": "tac:ai_awp",
  "use_default_animation": "rifle",
  "transform": {
    "scale": {
      // 第三人称手部
      "thirdperson": [0.45, 0.45, 0.4],
      // 地面实体
      "ground": [0.45, 0.45, 0.4],
      // 展示框
      "fixed": [0.6, 0.6, 0.6]
    }
  },
  "muzzle_flash": {
    "texture": "tac:flash/common_muzzle_flash",
    "scale": 1
  },
  "sounds": {
    "reload_empty": "tac:ai_awp/awp_reload_empty",
    "reload_tactical": "tac:ai_awp/awp_reload_tactical",
    "inspect": "tac:ai_awp/awp_inspect",
    "inspect_empty": "tac:ai_awp/awp_inspect_empty",
    "draw": "tac:ai_awp/awp_draw",
    "shoot": "tac:ai_awp/awp_shoot",
    "shoot_3p": "tac:ai_awp/awp_shoot_3p",
    "silence": "tac:ai_awp/awp_silence",
    "silence_3p": "tac:ai_awp/awp_silence_3p",
    "bolt": "tac:ai_awp/awp_bolt",
    "put_away": "tac:ai_awp/awp_put_away"
  },
  "offhand_show": {
    "pos": [0, 18, 1.5],
    "rotate": [0, 180, -50],
    "scale": [1, 1, 1]
  }
}