{
	"format_version": "1.12.0",
	"minecraft:geometry": [
		{
			"description": {
				"identifier": "geometry.muzzle_silence_mirage",
				"texture_width": 32,
				"texture_height": 32,
				"visible_bounds_width": 2,
				"visible_bounds_height": 1.5,
				"visible_bounds_offset": [0, 0.25, 0]
			},
			"bones": [
				{
					"name": "silencer",
					"pivot": [0, 0, -0.75],
					"cubes": [
						{
							"origin": [-0.20711, -0.5, -0.5],
							"size": [0.41422, 1, 0.5],
							"pivot": [0, 0, -0.5],
							"rotation": [0, 0, 45],
							"uv": {
								"north": {"uv": [11, 18], "uv_size": [0.5, 1]},
								"south": {"uv": [13, 18], "uv_size": [0.5, 1]},
								"up": {"uv": [16, 20], "uv_size": [0.5, 0.5]},
								"down": {"uv": [20, 16.5], "uv_size": [0.5, -0.5]}
							}
						},
						{
							"origin": [-0.20711, -0.5, -0.5],
							"size": [0.41422, 1, 0.5],
							"uv": {
								"north": {"uv": [15, 18], "uv_size": [0.5, 1]},
								"south": {"uv": [18, 16], "uv_size": [0.5, 1]},
								"up": {"uv": [18, 20], "uv_size": [0.5, 0.5]},
								"down": {"uv": [20, 20.5], "uv_size": [0.5, -0.5]}
							}
						},
						{
							"origin": [-0.5, -0.20711, -0.5],
							"size": [1, 0.41422, 0.5],
							"pivot": [0, 0, -0.5],
							"rotation": [0, 0, 45],
							"uv": {
								"north": {"uv": [17, 18], "uv_size": [1, 0.5]},
								"east": {"uv": [0, 21], "uv_size": [0.5, 0.5]},
								"south": {"uv": [19, 4], "uv_size": [1, 0.5]},
								"west": {"uv": [21, 0], "uv_size": [0.5, 0.5]}
							}
						},
						{
							"origin": [-0.5, -0.20711, -0.5],
							"size": [1, 0.41422, 0.5],
							"uv": {
								"north": {"uv": [19, 6], "uv_size": [1, 0.5]},
								"east": {"uv": [21, 4], "uv_size": [0.5, 0.5]},
								"south": {"uv": [19, 8], "uv_size": [1, 0.5]},
								"west": {"uv": [21, 6], "uv_size": [0.5, 0.5]}
							}
						},
						{
							"origin": [-0.31066, -0.75, -7.5],
							"size": [0.62132, 0.5, 6],
							"pivot": [0, 0, -2.75],
							"rotation": [0, 0, 45],
							"uv": {
								"north": {"uv": [21, 8], "uv_size": [0.5, 0.5]},
								"south": {"uv": [21, 10], "uv_size": [0.5, 0.5]},
								"up": {"uv": [0, 0], "uv_size": [0.5, 6]},
								"down": {"uv": [2, 6], "uv_size": [0.5, -6]}
							}
						},
						{
							"origin": [-0.31066, -0.75, -7.5],
							"size": [0.62132, 0.5, 6],
							"uv": {
								"north": {"uv": [21, 12], "uv_size": [0.5, 0.5]},
								"south": {"uv": [21, 14], "uv_size": [0.5, 0.5]},
								"up": {"uv": [4, 0], "uv_size": [0.5, 6]},
								"down": {"uv": [6, 6], "uv_size": [0.5, -6]}
							}
						},
						{
							"origin": [-0.31066, 0.25, -7.5],
							"size": [0.62132, 0.5, 6],
							"pivot": [0, 0, -2.75],
							"rotation": [0, 0, 45],
							"uv": {
								"north": {"uv": [21, 18], "uv_size": [0.5, 0.5]},
								"south": {"uv": [2, 22], "uv_size": [0.5, 0.5]},
								"up": {"uv": [0, 7], "uv_size": [0.5, 6]},
								"down": {"uv": [2, 13], "uv_size": [0.5, -6]}
							}
						},
						{
							"origin": [-0.31066, 0.25, -7.5],
							"size": [0.62132, 0.5, 6],
							"uv": {
								"north": {"uv": [22, 2], "uv_size": [0.5, 0.5]},
								"south": {"uv": [4, 22], "uv_size": [0.5, 0.5]},
								"up": {"uv": [4, 7], "uv_size": [0.5, 6]},
								"down": {"uv": [6, 13], "uv_size": [0.5, -6]}
							}
						},
						{
							"origin": [0.25, -0.31066, -7.5],
							"size": [0.5, 0.62132, 6],
							"pivot": [0, 0, -2.75],
							"rotation": [0, 0, 45],
							"uv": {
								"north": {"uv": [6, 22], "uv_size": [0.5, 0.5]},
								"east": {"uv": [8, 0], "uv_size": [6, 0.5]},
								"south": {"uv": [8, 22], "uv_size": [0.5, 0.5]},
								"west": {"uv": [8, 2], "uv_size": [6, 0.5]}
							}
						},
						{
							"origin": [0.25, -0.31066, -7.5],
							"size": [0.5, 0.62132, 6],
							"uv": {
								"north": {"uv": [10, 22], "uv_size": [0.5, 0.5]},
								"east": {"uv": [8, 4], "uv_size": [6, 0.5]},
								"south": {"uv": [12, 22], "uv_size": [0.5, 0.5]},
								"west": {"uv": [8, 6], "uv_size": [6, 0.5]}
							}
						},
						{
							"origin": [-0.75, -0.31066, -7.5],
							"size": [0.5, 0.62132, 6],
							"pivot": [0, 0, -2.75],
							"rotation": [0, 0, 45],
							"uv": {
								"north": {"uv": [14, 22], "uv_size": [0.5, 0.5]},
								"east": {"uv": [8, 8], "uv_size": [6, 0.5]},
								"south": {"uv": [16, 22], "uv_size": [0.5, 0.5]},
								"west": {"uv": [8, 10], "uv_size": [6, 0.5]}
							}
						},
						{
							"origin": [-0.75, -0.31066, -7.5],
							"size": [0.5, 0.62132, 6],
							"uv": {
								"north": {"uv": [22, 16], "uv_size": [0.5, 0.5]},
								"east": {"uv": [8, 12], "uv_size": [6, 0.5]},
								"south": {"uv": [18, 22], "uv_size": [0.5, 0.5]},
								"west": {"uv": [0, 14], "uv_size": [6, 0.5]}
							}
						},
						{
							"origin": [-0.625, -0.18566, -1.5],
							"size": [1.25, 0.37132, 1],
							"uv": {
								"north": {"uv": [12, 16], "uv_size": [1.5, 0.5]},
								"east": {"uv": [19, 10], "uv_size": [1, 0.5]},
								"south": {"uv": [16, 14], "uv_size": [1.5, 0.5]},
								"west": {"uv": [19, 12], "uv_size": [1, 0.5]},
								"up": {"uv": [7, 14], "uv_size": [1.5, 1]},
								"down": {"uv": [10, 15], "uv_size": [1.5, -1]}
							}
						},
						{
							"origin": [-0.75, -0.18566, -1.5],
							"size": [1.5, 0.37132, 1],
							"pivot": [0, 0, -1],
							"rotation": [0, 0, 30],
							"uv": {
								"north": {"uv": [15, 16], "uv_size": [1.5, 0.5]},
								"east": {"uv": [19, 14], "uv_size": [1, 0.5]},
								"south": {"uv": [17, 2], "uv_size": [1.5, 0.5]},
								"west": {"uv": [19, 18], "uv_size": [1, 0.5]},
								"up": {"uv": [13, 14], "uv_size": [1.5, 1]},
								"down": {"uv": [15, 1], "uv_size": [1.5, -1]}
							}
						},
						{
							"origin": [-0.18566, -0.625, -1.5],
							"size": [0.37132, 1.25, 1],
							"pivot": [0, 0, -1],
							"rotation": [0, 0, 30],
							"uv": {
								"north": {"uv": [17, 4], "uv_size": [0.5, 1.5]},
								"east": {"uv": [15, 2], "uv_size": [1, 1.5]},
								"south": {"uv": [17, 7], "uv_size": [0.5, 1.5]},
								"west": {"uv": [15, 5], "uv_size": [1, 1.5]},
								"up": {"uv": [2, 20], "uv_size": [0.5, 1]},
								"down": {"uv": [20, 3], "uv_size": [0.5, -1]}
							}
						},
						{
							"origin": [-0.18566, -0.75, -1.5],
							"size": [0.37132, 1.5, 1],
							"pivot": [0, 0, -0.75],
							"rotation": [0, 0, 60],
							"uv": {
								"north": {"uv": [17, 10], "uv_size": [0.5, 1.5]},
								"east": {"uv": [15, 8], "uv_size": [1, 1.5]},
								"south": {"uv": [0, 18], "uv_size": [0.5, 1.5]},
								"west": {"uv": [15, 11], "uv_size": [1, 1.5]},
								"up": {"uv": [4, 20], "uv_size": [0.5, 1]},
								"down": {"uv": [6, 21], "uv_size": [0.5, -1]}
							}
						},
						{
							"origin": [-0.75, -0.18566, -1.5],
							"size": [1.5, 0.37132, 1],
							"pivot": [0, 0, -1],
							"rotation": [0, 0, 90],
							"uv": {
								"north": {"uv": [18, 0], "uv_size": [1.5, 0.5]},
								"east": {"uv": [8, 20], "uv_size": [1, 0.5]},
								"south": {"uv": [2, 18], "uv_size": [1.5, 0.5]},
								"west": {"uv": [10, 20], "uv_size": [1, 0.5]},
								"up": {"uv": [0, 16], "uv_size": [1.5, 1]},
								"down": {"uv": [3, 17], "uv_size": [1.5, -1]}
							}
						},
						{
							"origin": [-0.625, -0.18566, -1.5],
							"size": [1.25, 0.37132, 1],
							"pivot": [0, 0, -0.75],
							"rotation": [0, 0, 60],
							"uv": {
								"north": {"uv": [5, 18], "uv_size": [1.5, 0.5]},
								"east": {"uv": [12, 20], "uv_size": [1, 0.5]},
								"south": {"uv": [8, 18], "uv_size": [1.5, 0.5]},
								"west": {"uv": [14, 20], "uv_size": [1, 0.5]},
								"up": {"uv": [6, 16], "uv_size": [1.5, 1]},
								"down": {"uv": [9, 17], "uv_size": [1.5, -1]}
							}
						}
					]
				}
			]
		}
	]
}