{
  "format_version": "1.12.0",
  "minecraft:geometry": [
    {
      "description": {
        "identifier": "minecraft:bee#main",
        "texture_width": 64,
        "texture_height": 64
      },
      "bones": [
        {
          "name": "bone",
          "pivot": [
            0.0,
            5.0,
            0.0
          ],
          "rotation": [
            0.0,
            0.0,
            0.0
          ],
          "cubes": []
        },
        {
          "name": "front_legs",
          "parent": "bone",
          "pivot": [
            1.5,
            2.0,
            -2.0
          ],
          "rotation": [
            0.0,
            0.0,
            0.0
          ],
          "cubes": [
            {
              "origin": [
                -3.5,
                -0.0,
                -2.0
              ],
              "size": [
                7.0,
                2.0,
                0.0
              ],
              "inflate": 0.0,
              "uv": [
                26.0,
                1.0
              ],
              "mirror": false
            }
          ]
        },
        {
          "name": "right_wing",
          "parent": "bone",
          "pivot": [
            -1.5,
            9.0,
            -3.0
          ],
          "rotation": [
            0.0,
            -15.000034568358878,
            0.0
          ],
          "cubes": [
            {
              "origin": [
                -10.5,
                9.0,
                -3.0
              ],
              "size": [
                9.0,
                0.0,
                6.0
              ],
              "inflate": 0.001000000008692344,
              "uv": [
                0.0,
                18.0
              ],
              "mirror": false
            }
          ]
        },
        {
          "name": "left_wing",
          "parent": "bone",
          "pivot": [
            1.5,
            9.0,
            -3.0
          ],
          "rotation": [
            0.0,
            15.000034568358878,
            0.0
          ],
          "cubes": [
            {
              "origin": [
                1.5,
                9.0,
                -3.0
              ],
              "size": [
                9.0,
                0.0,
                6.0
              ],
              "inflate": 0.001000000008692344,
              "uv": [
                0.0,
                18.0
              ],
              "mirror": true
            }
          ]
        },
        {
          "name": "middle_legs",
          "parent": "bone",
          "pivot": [
            1.5,
            2.0,
            0.0
          ],
          "rotation": [
            0.0,
            0.0,
            0.0
          ],
          "cubes": [
            {
              "origin": [
                -3.5,
                -0.0,
                0.0
              ],
              "size": [
                7.0,
                2.0,
                0.0
              ],
              "inflate": 0.0,
              "uv": [
                26.0,
                3.0
              ],
              "mirror": false
            }
          ]
        },
        {
          "name": "body",
          "parent": "bone",
          "pivot": [
            0.0,
            5.0,
            0.0
          ],
          "rotation": [
            0.0,
            0.0,
            0.0
          ],
          "cubes": [
            {
              "origin": [
                -3.5,
                2.0,
                -5.0
              ],
              "size": [
                7.0,
                7.0,
                10.0
              ],
              "inflate": 0.0,
              "uv": [
                0.0,
                0.0
              ],
              "mirror": false
            }
          ]
        },
        {
          "name": "right_antenna",
          "parent": "body",
          "pivot": [
            0.0,
            7.0,
            -5.0
          ],
          "rotation": [
            0.0,
            0.0,
            0.0
          ],
          "cubes": [
            {
              "origin": [
                -2.5,
                7.0,
                -8.0
              ],
              "size": [
                1.0,
                2.0,
                3.0
              ],
              "inflate": 0.0,
              "uv": [
                2.0,
                3.0
              ],
              "mirror": false
            }
          ]
        },
        {
          "name": "stinger",
          "parent": "body",
          "pivot": [
            0.0,
            5.0,
            0.0
          ],
          "rotation": [
            0.0,
            0.0,
            0.0
          ],
          "cubes": [
            {
              "origin": [
                0.0,
                5.0,
                5.0
              ],
              "size": [
                0.0,
                1.0,
                2.0
              ],
              "inflate": 0.0,
              "uv": [
                26.0,
                7.0
              ],
              "mirror": false
            }
          ]
        },
        {
          "name": "left_antenna",
          "parent": "body",
          "pivot": [
            0.0,
            7.0,
            -5.0
          ],
          "rotation": [
            0.0,
            0.0,
            0.0
          ],
          "cubes": [
            {
              "origin": [
                1.5,
                7.0,
                -8.0
              ],
              "size": [
                1.0,
                2.0,
                3.0
              ],
              "inflate": 0.0,
              "uv": [
                2.0,
                0.0
              ],
              "mirror": false
            }
          ]
        },
        {
          "name": "back_legs",
          "parent": "bone",
          "pivot": [
            1.5,
            2.0,
            2.0
          ],
          "rotation": [
            0.0,
            0.0,
            0.0
          ],
          "cubes": [
            {
              "origin": [
                -3.5,
                -0.0,
                2.0
              ],
              "size": [
                7.0,
                2.0,
                0.0
              ],
              "inflate": 0.0,
              "uv": [
                26.0,
                5.0
              ],
              "mirror": false
            }
          ]
        }
      ]
    }
  ]
}