{
  "format_version": "1.12.0",
  "minecraft:geometry": [
    {
      "description": {
        "identifier": "minecraft:camel#main",
        "texture_width": 128,
        "texture_height": 128
      },
      "bones": [
        {
          "name": "right_front_leg",
          "pivot": [
            -4.9,
            23.0,
            -10.5
          ],
          "rotation": [
            0.0,
            0.0,
            0.0
          ],
          "cubes": [
            {
              "origin": [
                -7.4,
                -0.0,
                -13.0
              ],
              "size": [
                5.0,
                21.0,
                5.0
              ],
              "inflate": 0.0,
              "uv": [
                0.0,
                26.0
              ],
              "mirror": false
            }
          ]
        },
        {
          "name": "right_hind_leg",
          "pivot": [
            -4.9,
            23.0,
            9.5
          ],
          "rotation": [
            0.0,
            0.0,
            0.0
          ],
          "cubes": [
            {
              "origin": [
                -7.4,
                -0.0,
                7.0
              ],
              "size": [
                5.0,
                21.0,
                5.0
              ],
              "inflate": 0.0,
              "uv": [
                94.0,
                16.0
              ],
              "mirror": false
            }
          ]
        },
        {
          "name": "left_hind_leg",
          "pivot": [
            4.9,
            23.0,
            9.5
          ],
          "rotation": [
            0.0,
            0.0,
            0.0
          ],
          "cubes": [
            {
              "origin": [
                2.4,
                -0.0,
                7.0
              ],
              "size": [
                5.0,
                21.0,
                5.0
              ],
              "inflate": 0.0,
              "uv": [
                58.0,
                16.0
              ],
              "mirror": false
            }
          ]
        },
        {
          "name": "body",
          "pivot": [
            0.0,
            20.0,
            9.5
          ],
          "rotation": [
            0.0,
            0.0,
            0.0
          ],
          "cubes": [
            {
              "origin": [
                -7.5,
                20.0,
                -14.0
              ],
              "size": [
                15.0,
                12.0,
                27.0
              ],
              "inflate": 0.0,
              "uv": [
                0.0,
                25.0
              ],
              "mirror": false
            }
          ]
        },
        {
          "name": "head",
          "parent": "body",
          "pivot": [
            0.0,
            23.0,
            -10.0
          ],
          "rotation": [
            0.0,
            0.0,
            0.0
          ],
          "cubes": [
            {
              "origin": [
                -3.5,
                22.0,
                -25.0
              ],
              "size": [
                7.0,
                8.0,
                19.0
              ],
              "inflate": 0.0,
              "uv": [
                60.0,
                24.0
              ],
              "mirror": false
            },
            {
              "origin": [
                -3.5,
                30.0,
                -25.0
              ],
              "size": [
                7.0,
                14.0,
                7.0
              ],
              "inflate": 0.0,
              "uv": [
                21.0,
                0.0
              ],
              "mirror": false
            },
            {
              "origin": [
                -2.5,
                39.0,
                -31.0
              ],
              "size": [
                5.0,
                5.0,
                6.0
              ],
              "inflate": 0.0,
              "uv": [
                50.0,
                0.0
              ],
              "mirror": false
            }
          ]
        },
        {
          "name": "bridle",
          "parent": "head",
          "pivot": [
            0.0,
            23.0,
            -10.0
          ],
          "rotation": [
            0.0,
            0.0,
            0.0
          ],
          "cubes": [
            {
              "origin": [
                -3.5,
                22.0,
                -25.0
              ],
              "size": [
                7.0,
                8.0,
                19.0
              ],
              "inflate": 0.10000000397364299,
              "uv": [
                60.0,
                87.0
              ],
              "mirror": false
            },
            {
              "origin": [
                -3.5,
                30.0,
                -25.0
              ],
              "size": [
                7.0,
                14.0,
                7.0
              ],
              "inflate": 0.10000000397364299,
              "uv": [
                21.0,
                64.0
              ],
              "mirror": false
            },
            {
              "origin": [
                -2.5,
                39.0,
                -31.0
              ],
              "size": [
                5.0,
                5.0,
                6.0
              ],
              "inflate": 0.10000000397364299,
              "uv": [
                50.0,
                64.0
              ],
              "mirror": false
            },
            {
              "origin": [
                2.5,
                40.0,
                -28.0
              ],
              "size": [
                1.0,
                2.0,
                2.0
              ],
              "inflate": 0.0,
              "uv": [
                74.0,
                70.0
              ],
              "mirror": false
            },
            {
              "origin": [
                -3.5,
                40.0,
                -28.0
              ],
              "size": [
                1.0,
                2.0,
                2.0
              ],
              "inflate": 0.0,
              "uv": [
                74.0,
                70.0
              ],
              "mirror": true
            }
          ]
        },
        {
          "name": "right_ear",
          "parent": "head",
          "pivot": [
            -3.0,
            44.0,
            -19.5
          ],
          "rotation": [
            0.0,
            0.0,
            0.0
          ],
          "cubes": [
            {
              "origin": [
                -5.5,
                42.5,
                -20.5
              ],
              "size": [
                3.0,
                1.0,
                2.0
              ],
              "inflate": 0.0,
              "uv": [
                67.0,
                0.0
              ],
              "mirror": false
            }
          ]
        },
        {
          "name": "reins",
          "parent": "head",
          "pivot": [
            0.0,
            23.0,
            -10.0
          ],
          "rotation": [
            0.0,
            0.0,
            0.0
          ],
          "cubes": [
            {
              "origin": [
                3.51,
                34.0,
                -27.0
              ],
              "size": [
                0.0,
                7.0,
                15.0
              ],
              "inflate": 0.0,
              "uv": [
                98.0,
                42.0
              ],
              "mirror": false
            },
            {
              "origin": [
                -3.5,
                34.0,
                -12.0
              ],
              "size": [
                7.0,
                7.0,
                0.0
              ],
              "inflate": 0.0,
              "uv": [
                84.0,
                57.0
              ],
              "mirror": false
            },
            {
              "origin": [
                -3.51,
                34.0,
                -27.0
              ],
              "size": [
                0.0,
                7.0,
                15.0
              ],
              "inflate": 0.0,
              "uv": [
                98.0,
                42.0
              ],
              "mirror": false
            }
          ]
        },
        {
          "name": "left_ear",
          "parent": "head",
          "pivot": [
            3.0,
            44.0,
            -19.5
          ],
          "rotation": [
            0.0,
            0.0,
            0.0
          ],
          "cubes": [
            {
              "origin": [
                2.5,
                42.5,
                -20.5
              ],
              "size": [
                3.0,
                1.0,
                2.0
              ],
              "inflate": 0.0,
              "uv": [
                45.0,
                0.0
              ],
              "mirror": false
            }
          ]
        },
        {
          "name": "hump",
          "parent": "body",
          "pivot": [
            0.0,
            32.0,
            -0.5
          ],
          "rotation": [
            0.0,
            0.0,
            0.0
          ],
          "cubes": [
            {
              "origin": [
                -4.5,
                32.0,
                -6.0
              ],
              "size": [
                9.0,
                5.0,
                11.0
              ],
              "inflate": 0.0,
              "uv": [
                74.0,
                0.0
              ],
              "mirror": false
            }
          ]
        },
        {
          "name": "saddle",
          "parent": "body",
          "pivot": [
            0.0,
            20.0,
            9.5
          ],
          "rotation": [
            0.0,
            0.0,
            0.0
          ],
          "cubes": [
            {
              "origin": [
                -4.5,
                32.0,
                -6.0
              ],
              "size": [
                9.0,
                5.0,
                11.0
              ],
              "inflate": 0.10000000397364299,
              "uv": [
                74.0,
                64.0
              ],
              "mirror": false
            },
            {
              "origin": [
                -3.5,
                37.0,
                -6.0
              ],
              "size": [
                7.0,
                3.0,
                11.0
              ],
              "inflate": 0.10000000397364299,
              "uv": [
                92.0,
                114.0
              ],
              "mirror": false
            },
            {
              "origin": [
                -7.5,
                20.0,
                -14.0
              ],
              "size": [
                15.0,
                12.0,
                27.0
              ],
              "inflate": 0.10000000397364299,
              "uv": [
                0.0,
                89.0
              ],
              "mirror": false
            }
          ]
        },
        {
          "name": "tail",
          "parent": "body",
          "pivot": [
            0.0,
            29.0,
            13.0
          ],
          "rotation": [
            0.0,
            0.0,
            0.0
          ],
          "cubes": [
            {
              "origin": [
                -1.5,
                15.0,
                13.0
              ],
              "size": [
                3.0,
                14.0,
                0.0
              ],
              "inflate": 0.0,
              "uv": [
                122.0,
                0.0
              ],
              "mirror": false
            }
          ]
        },
        {
          "name": "left_front_leg",
          "pivot": [
            4.9,
            23.0,
            -10.5
          ],
          "rotation": [
            0.0,
            0.0,
            0.0
          ],
          "cubes": [
            {
              "origin": [
                2.4,
                -0.0,
                -13.0
              ],
              "size": [
                5.0,
                21.0,
                5.0
              ],
              "inflate": 0.0,
              "uv": [
                0.0,
                0.0
              ],
              "mirror": false
            }
          ]
        }
      ]
    }
  ]
}