{
  "format_version": "1.12.0",
  "minecraft:geometry": [
    {
      "description": {
        "identifier": "minecraft:creeper#main",
        "texture_width": 64,
        "texture_height": 32
      },
      "bones": [
        {
          "name": "head",
          "pivot": [
            0.0,
            18.0,
            0.0
          ],
          "rotation": [
            0.0,
            0.0,
            0.0
          ],
          "cubes": [
            {
              "origin": [
                -4.0,
                18.0,
                -4.0
              ],
              "size": [
                8.0,
                8.0,
                8.0
              ],
              "inflate": 0.0,
              "uv": [
                0.0,
                0.0
              ],
              "mirror": false
            }
          ]
        },
        {
          "name": "right_front_leg",
          "pivot": [
            -2.0,
            6.0,
            -4.0
          ],
          "rotation": [
            0.0,
            0.0,
            0.0
          ],
          "cubes": [
            {
              "origin": [
                -4.0,
                -0.0,
                -6.0
              ],
              "size": [
                4.0,
                6.0,
                4.0
              ],
              "inflate": 0.0,
              "uv": [
                0.0,
                16.0
              ],
              "mirror": false
            }
          ]
        },
        {
          "name": "right_hind_leg",
          "pivot": [
            -2.0,
            6.0,
            4.0
          ],
          "rotation": [
            0.0,
            0.0,
            0.0
          ],
          "cubes": [
            {
              "origin": [
                -4.0,
                -0.0,
                2.0
              ],
              "size": [
                4.0,
                6.0,
                4.0
              ],
              "inflate": 0.0,
              "uv": [
                0.0,
                16.0
              ],
              "mirror": false
            }
          ]
        },
        {
          "name": "left_hind_leg",
          "pivot": [
            2.0,
            6.0,
            4.0
          ],
          "rotation": [
            0.0,
            0.0,
            0.0
          ],
          "cubes": [
            {
              "origin": [
                0.0,
                -0.0,
                2.0
              ],
              "size": [
                4.0,
                6.0,
                4.0
              ],
              "inflate": 0.0,
              "uv": [
                0.0,
                16.0
              ],
              "mirror": false
            }
          ]
        },
        {
          "name": "body",
          "pivot": [
            0.0,
            18.0,
            0.0
          ],
          "rotation": [
            0.0,
            0.0,
            0.0
          ],
          "cubes": [
            {
              "origin": [
                -4.0,
                6.0,
                -2.0
              ],
              "size": [
                8.0,
                12.0,
                4.0
              ],
              "inflate": 0.0,
              "uv": [
                16.0,
                16.0
              ],
              "mirror": false
            }
          ]
        },
        {
          "name": "left_front_leg",
          "pivot": [
            2.0,
            6.0,
            -4.0
          ],
          "rotation": [
            0.0,
            0.0,
            0.0
          ],
          "cubes": [
            {
              "origin": [
                0.0,
                -0.0,
                -6.0
              ],
              "size": [
                4.0,
                6.0,
                4.0
              ],
              "inflate": 0.0,
              "uv": [
                0.0,
                16.0
              ],
              "mirror": false
            }
          ]
        }
      ]
    }
  ]
}