{
  "format_version": "1.12.0",
  "minecraft:geometry": [
    {
      "description": {
        "identifier": "minecraft:decorated_pot_base#main",
        "texture_width": 32,
        "texture_height": 32
      },
      "bones": [
        {
          "name": "top",
          "pivot": [
            1.0,
            8.0,
            1.0
          ],
          "rotation": [
            0.0,
            0.0,
            0.0
          ],
          "cubes": [
            {
              "origin": [
                1.0,
                8.0,
                1.0
              ],
              "size": [
                14.0,
                0.0,
                14.0
              ],
              "inflate": 0.0,
              "uv": [
                -14.0,
                13.0
              ],
              "mirror": false
            }
          ]
        },
        {
          "name": "bottom",
          "pivot": [
            1.0,
            24.0,
            1.0
          ],
          "rotation": [
            0.0,
            0.0,
            0.0
          ],
          "cubes": [
            {
              "origin": [
                1.0,
                24.0,
                1.0
              ],
              "size": [
                14.0,
                0.0,
                14.0
              ],
              "inflate": 0.0,
              "uv": [
                -14.0,
                13.0
              ],
              "mirror": false
            }
          ]
        },
        {
          "name": "neck",
          "pivot": [
            0.0,
            -13.0,
            16.0
          ],
          "rotation": [
            180.00000500895632,
            0.0,
            0.0
          ],
          "cubes": [
            {
              "origin": [
                4.0,
                -33.0,
                20.0
              ],
              "size": [
                8.0,
                3.0,
                8.0
              ],
              "inflate": -0.10000000397364299,
              "uv": [
                0.0,
                0.0
              ],
              "mirror": false
            },
            {
              "origin": [
                5.0,
                -34.0,
                21.0
              ],
              "size": [
                6.0,
                1.0,
                6.0
              ],
              "inflate": 0.20000000794728598,
              "uv": [
                0.0,
                5.0
              ],
              "mirror": false
            }
          ]
        }
      ]
    }
  ]
}