{
  "format_version": "1.12.0",
  "minecraft:geometry": [
    {
      "description": {
        "identifier": "minecraft:fox#main",
        "texture_width": 48,
        "texture_height": 32
      },
      "bones": [
        {
          "name": "head",
          "pivot": [
            -1.0,
            7.5,
            -3.0
          ],
          "rotation": [
            0.0,
            0.0,
            0.0
          ],
          "cubes": [
            {
              "origin": [
                -4.0,
                3.5,
                -8.0
              ],
              "size": [
                8.0,
                6.0,
                6.0
              ],
              "inflate": 0.0,
              "uv": [
                1.0,
                5.0
              ],
              "mirror": false
            }
          ]
        },
        {
          "name": "nose",
          "parent": "head",
          "pivot": [
            -1.0,
            7.5,
            -3.0
          ],
          "rotation": [
            0.0,
            0.0,
            0.0
          ],
          "cubes": [
            {
              "origin": [
                -2.0,
                3.4899998,
                -11.0
              ],
              "size": [
                4.0,
                2.0,
                3.0
              ],
              "inflate": 0.0,
              "uv": [
                6.0,
                18.0
              ],
              "mirror": false
            }
          ]
        },
        {
          "name": "right_ear",
          "parent": "head",
          "pivot": [
            -1.0,
            7.5,
            -3.0
          ],
          "rotation": [
            0.0,
            0.0,
            0.0
          ],
          "cubes": [
            {
              "origin": [
                -4.0,
                9.5,
                -7.0
              ],
              "size": [
                2.0,
                2.0,
                1.0
              ],
              "inflate": 0.0,
              "uv": [
                8.0,
                1.0
              ],
              "mirror": false
            }
          ]
        },
        {
          "name": "left_ear",
          "parent": "head",
          "pivot": [
            -1.0,
            7.5,
            -3.0
          ],
          "rotation": [
            0.0,
            0.0,
            0.0
          ],
          "cubes": [
            {
              "origin": [
                2.0,
                9.5,
                -7.0
              ],
              "size": [
                2.0,
                2.0,
                1.0
              ],
              "inflate": 0.0,
              "uv": [
                15.0,
                1.0
              ],
              "mirror": false
            }
          ]
        },
        {
          "name": "right_front_leg",
          "pivot": [
            -5.0,
            6.5,
            0.0
          ],
          "rotation": [
            0.0,
            0.0,
            0.0
          ],
          "cubes": [
            {
              "origin": [
                -3.0,
                -0.0,
                -1.0
              ],
              "size": [
                2.0,
                6.0,
                2.0
              ],
              "inflate": 0.001000000008692344,
              "uv": [
                13.0,
                24.0
              ],
              "mirror": false
            }
          ]
        },
        {
          "name": "right_hind_leg",
          "pivot": [
            -5.0,
            6.5,
            7.0
          ],
          "rotation": [
            0.0,
            0.0,
            0.0
          ],
          "cubes": [
            {
              "origin": [
                -3.0,
                -0.0,
                6.0
              ],
              "size": [
                2.0,
                6.0,
                2.0
              ],
              "inflate": 0.001000000008692344,
              "uv": [
                13.0,
                24.0
              ],
              "mirror": false
            }
          ]
        },
        {
          "name": "left_hind_leg",
          "pivot": [
            -1.0,
            6.5,
            7.0
          ],
          "rotation": [
            0.0,
            0.0,
            0.0
          ],
          "cubes": [
            {
              "origin": [
                1.0,
                -0.0,
                6.0
              ],
              "size": [
                2.0,
                6.0,
                2.0
              ],
              "inflate": 0.001000000008692344,
              "uv": [
                4.0,
                24.0
              ],
              "mirror": false
            }
          ]
        },
        {
          "name": "body",
          "pivot": [
            0.0,
            8.0,
            -6.0
          ],
          "rotation": [
            90.00000250447816,
            0.0,
            0.0
          ],
          "cubes": [
            {
              "origin": [
                -3.0,
                -6.9990005,
                -9.5
              ],
              "size": [
                6.0,
                11.0,
                6.0
              ],
              "inflate": 0.0,
              "uv": [
                24.0,
                15.0
              ],
              "mirror": false
            }
          ]
        },
        {
          "name": "tail",
          "parent": "body",
          "pivot": [
            -4.0,
            -7.0,
            -7.0
          ],
          "rotation": [
            -3.0000000834826057,
            0.0,
            0.0
          ],
          "cubes": [
            {
              "origin": [
                -2.0,
                -16.0,
                -8.0
              ],
              "size": [
                4.0,
                9.0,
                5.0
              ],
              "inflate": 0.0,
              "uv": [
                30.0,
                0.0
              ],
              "mirror": false
            }
          ]
        },
        {
          "name": "left_front_leg",
          "pivot": [
            -1.0,
            6.5,
            0.0
          ],
          "rotation": [
            0.0,
            0.0,
            0.0
          ],
          "cubes": [
            {
              "origin": [
                1.0,
                -0.0,
                -1.0
              ],
              "size": [
                2.0,
                6.0,
                2.0
              ],
              "inflate": 0.001000000008692344,
              "uv": [
                4.0,
                24.0
              ],
              "mirror": false
            }
          ]
        }
      ]
    }
  ]
}