{
  "format_version": "1.12.0",
  "minecraft:geometry": [
    {
      "description": {
        "identifier": "minecraft:ghast#main",
        "texture_width": 64,
        "texture_height": 32
      },
      "bones": [
        {
          "name": "tentacle0",
          "pivot": [
            -3.75,
            -0.6000004,
            -5.0
          ],
          "rotation": [
            0.0,
            0.0,
            0.0
          ],
          "cubes": [
            {
              "origin": [
                -4.75,
                -8.6,
                -6.0
              ],
              "size": [
                2.0,
                8.0,
                2.0
              ],
              "inflate": 0.0,
              "uv": [
                0.0,
                0.0
              ],
              "mirror": false
            }
          ]
        },
        {
          "name": "tentacle1",
          "pivot": [
            1.25,
            -0.6000004,
            -5.0
          ],
          "rotation": [
            0.0,
            0.0,
            0.0
          ],
          "cubes": [
            {
              "origin": [
                0.25,
                -13.6,
                -6.0
              ],
              "size": [
                2.0,
                13.0,
                2.0
              ],
              "inflate": 0.0,
              "uv": [
                0.0,
                0.0
              ],
              "mirror": false
            }
          ]
        },
        {
          "name": "tentacle8",
          "pivot": [
            6.25,
            -0.6000004,
            5.0
          ],
          "rotation": [
            0.0,
            0.0,
            0.0
          ],
          "cubes": [
            {
              "origin": [
                5.25,
                -12.6,
                4.0
              ],
              "size": [
                2.0,
                12.0,
                2.0
              ],
              "inflate": 0.0,
              "uv": [
                0.0,
                0.0
              ],
              "mirror": false
            }
          ]
        },
        {
          "name": "tentacle6",
          "pivot": [
            -3.75,
            -0.6000004,
            5.0
          ],
          "rotation": [
            0.0,
            0.0,
            0.0
          ],
          "cubes": [
            {
              "origin": [
                -4.75,
                -12.6,
                4.0
              ],
              "size": [
                2.0,
                12.0,
                2.0
              ],
              "inflate": 0.0,
              "uv": [
                0.0,
                0.0
              ],
              "mirror": false
            }
          ]
        },
        {
          "name": "tentacle7",
          "pivot": [
            1.25,
            -0.6000004,
            5.0
          ],
          "rotation": [
            0.0,
            0.0,
            0.0
          ],
          "cubes": [
            {
              "origin": [
                0.25,
                -9.6,
                4.0
              ],
              "size": [
                2.0,
                9.0,
                2.0
              ],
              "inflate": 0.0,
              "uv": [
                0.0,
                0.0
              ],
              "mirror": false
            }
          ]
        },
        {
          "name": "body",
          "pivot": [
            0.0,
            6.3999996,
            0.0
          ],
          "rotation": [
            0.0,
            0.0,
            0.0
          ],
          "cubes": [
            {
              "origin": [
                -8.0,
                -1.6000004,
                -8.0
              ],
              "size": [
                16.0,
                16.0,
                16.0
              ],
              "inflate": 0.0,
              "uv": [
                0.0,
                0.0
              ],
              "mirror": false
            }
          ]
        },
        {
          "name": "tentacle4",
          "pivot": [
            -1.25,
            -0.6000004,
            0.0
          ],
          "rotation": [
            0.0,
            0.0,
            0.0
          ],
          "cubes": [
            {
              "origin": [
                -2.25,
                -11.6,
                -1.0
              ],
              "size": [
                2.0,
                11.0,
                2.0
              ],
              "inflate": 0.0,
              "uv": [
                0.0,
                0.0
              ],
              "mirror": false
            }
          ]
        },
        {
          "name": "tentacle5",
          "pivot": [
            3.75,
            -0.6000004,
            0.0
          ],
          "rotation": [
            0.0,
            0.0,
            0.0
          ],
          "cubes": [
            {
              "origin": [
                2.75,
                -10.6,
                -1.0
              ],
              "size": [
                2.0,
                10.0,
                2.0
              ],
              "inflate": 0.0,
              "uv": [
                0.0,
                0.0
              ],
              "mirror": false
            }
          ]
        },
        {
          "name": "tentacle2",
          "pivot": [
            6.25,
            -0.6000004,
            -5.0
          ],
          "rotation": [
            0.0,
            0.0,
            0.0
          ],
          "cubes": [
            {
              "origin": [
                5.25,
                -9.6,
                -6.0
              ],
              "size": [
                2.0,
                9.0,
                2.0
              ],
              "inflate": 0.0,
              "uv": [
                0.0,
                0.0
              ],
              "mirror": false
            }
          ]
        },
        {
          "name": "tentacle3",
          "pivot": [
            -6.25,
            -0.6000004,
            0.0
          ],
          "rotation": [
            0.0,
            0.0,
            0.0
          ],
          "cubes": [
            {
              "origin": [
                -7.25,
                -11.6,
                -1.0
              ],
              "size": [
                2.0,
                11.0,
                2.0
              ],
              "inflate": 0.0,
              "uv": [
                0.0,
                0.0
              ],
              "mirror": false
            }
          ]
        }
      ]
    }
  ]
}