{
  "format_version": "1.12.0",
  "minecraft:geometry": [
    {
      "description": {
        "identifier": "minecraft:iron_golem#main",
        "texture_width": 128,
        "texture_height": 128
      },
      "bones": [
        {
          "name": "head",
          "pivot": [
            0.0,
            31.0,
            -2.0
          ],
          "rotation": [
            0.0,
            0.0,
            0.0
          ],
          "cubes": [
            {
              "origin": [
                -4.0,
                33.0,
                -7.5
              ],
              "size": [
                8.0,
                10.0,
                8.0
              ],
              "inflate": 0.0,
              "uv": [
                0.0,
                0.0
              ],
              "mirror": false
            },
            {
              "origin": [
                -1.0,
                32.0,
                -9.5
              ],
              "size": [
                2.0,
                4.0,
                2.0
              ],
              "inflate": 0.0,
              "uv": [
                24.0,
                0.0
              ],
              "mirror": false
            }
          ]
        },
        {
          "name": "right_arm",
          "pivot": [
            0.0,
            31.0,
            0.0
          ],
          "rotation": [
            0.0,
            0.0,
            0.0
          ],
          "cubes": [
            {
              "origin": [
                -13.0,
                3.5,
                -3.0
              ],
              "size": [
                4.0,
                30.0,
                6.0
              ],
              "inflate": 0.0,
              "uv": [
                60.0,
                21.0
              ],
              "mirror": false
            }
          ]
        },
        {
          "name": "left_leg",
          "pivot": [
            5.0,
            13.0,
            0.0
          ],
          "rotation": [
            0.0,
            0.0,
            0.0
          ],
          "cubes": [
            {
              "origin": [
                1.5,
                -0.0,
                -3.0
              ],
              "size": [
                6.0,
                16.0,
                5.0
              ],
              "inflate": 0.0,
              "uv": [
                60.0,
                0.0
              ],
              "mirror": true
            }
          ]
        },
        {
          "name": "left_arm",
          "pivot": [
            0.0,
            31.0,
            0.0
          ],
          "rotation": [
            0.0,
            0.0,
            0.0
          ],
          "cubes": [
            {
              "origin": [
                9.0,
                3.5,
                -3.0
              ],
              "size": [
                4.0,
                30.0,
                6.0
              ],
              "inflate": 0.0,
              "uv": [
                60.0,
                58.0
              ],
              "mirror": false
            }
          ]
        },
        {
          "name": "right_leg",
          "pivot": [
            -4.0,
            13.0,
            0.0
          ],
          "rotation": [
            0.0,
            0.0,
            0.0
          ],
          "cubes": [
            {
              "origin": [
                -7.5,
                -0.0,
                -3.0
              ],
              "size": [
                6.0,
                16.0,
                5.0
              ],
              "inflate": 0.0,
              "uv": [
                37.0,
                0.0
              ],
              "mirror": false
            }
          ]
        },
        {
          "name": "body",
          "pivot": [
            0.0,
            31.0,
            0.0
          ],
          "rotation": [
            0.0,
            0.0,
            0.0
          ],
          "cubes": [
            {
              "origin": [
                -9.0,
                21.0,
                -6.0
              ],
              "size": [
                18.0,
                12.0,
                11.0
              ],
              "inflate": 0.0,
              "uv": [
                0.0,
                40.0
              ],
              "mirror": false
            },
            {
              "origin": [
                -4.5,
                16.0,
                -3.0
              ],
              "size": [
                9.0,
                5.0,
                6.0
              ],
              "inflate": 0.5,
              "uv": [
                0.0,
                70.0
              ],
              "mirror": false
            }
          ]
        }
      ]
    }
  ]
}