{
  "format_version": "1.12.0",
  "minecraft:geometry": [
    {
      "description": {
        "identifier": "minecraft:parrot#main",
        "texture_width": 32,
        "texture_height": 32
      },
      "bones": [
        {
          "name": "head",
          "pivot": [
            0.0,
            8.31,
            -2.76
          ],
          "rotation": [
            0.0,
            0.0,
            0.0
          ],
          "cubes": [
            {
              "origin": [
                -1.0,
                6.8100004,
                -3.76
              ],
              "size": [
                2.0,
                3.0,
                2.0
              ],
              "inflate": 0.0,
              "uv": [
                2.0,
                2.0
              ],
              "mirror": false
            }
          ]
        },
        {
          "name": "beak1",
          "parent": "head",
          "pivot": [
            0.0,
            8.81,
            -4.26
          ],
          "rotation": [
            0.0,
            0.0,
            0.0
          ],
          "cubes": [
            {
              "origin": [
                -0.5,
                7.8100004,
                -4.76
              ],
              "size": [
                1.0,
                2.0,
                1.0
              ],
              "inflate": 0.0,
              "uv": [
                11.0,
                7.0
              ],
              "mirror": false
            }
          ]
        },
        {
          "name": "beak2",
          "parent": "head",
          "pivot": [
            0.0,
            10.06,
            -5.21
          ],
          "rotation": [
            0.0,
            0.0,
            0.0
          ],
          "cubes": [
            {
              "origin": [
                -0.5,
                8.06,
                -5.71
              ],
              "size": [
                1.0,
                2.0,
                1.0
              ],
              "inflate": 0.0,
              "uv": [
                16.0,
                7.0
              ],
              "mirror": false
            }
          ]
        },
        {
          "name": "feather",
          "parent": "head",
          "pivot": [
            0.0,
            10.460001,
            -2.61
          ],
          "rotation": [
            0.0,
            0.0,
            0.0
          ],
          "cubes": [
            {
              "origin": [
                0.0,
                9.460001,
                -4.6099997
              ],
              "size": [
                0.0,
                5.0,
                4.0
              ],
              "inflate": 0.0,
              "uv": [
                2.0,
                18.0
              ],
              "mirror": false
            }
          ]
        },
        {
          "name": "head2",
          "parent": "head",
          "pivot": [
            0.0,
            10.31,
            -3.76
          ],
          "rotation": [
            0.0,
            0.0,
            0.0
          ],
          "cubes": [
            {
              "origin": [
                -1.0,
                9.81,
                -5.76
              ],
              "size": [
                2.0,
                1.0,
                4.0
              ],
              "inflate": 0.0,
              "uv": [
                10.0,
                0.0
              ],
              "mirror": false
            }
          ]
        },
        {
          "name": "left_leg",
          "pivot": [
            1.0,
            2.0,
            -1.05
          ],
          "rotation": [
            0.0,
            0.0,
            0.0
          ],
          "cubes": [
            {
              "origin": [
                0.5,
                -0.0,
                -1.55
              ],
              "size": [
                1.0,
                2.0,
                1.0
              ],
              "inflate": 0.0,
              "uv": [
                14.0,
                18.0
              ],
              "mirror": false
            }
          ]
        },
        {
          "name": "right_wing",
          "pivot": [
            -1.5,
            7.0599995,
            -2.76
          ],
          "rotation": [
            0.0,
            0.0,
            0.0
          ],
          "cubes": [
            {
              "origin": [
                -2.0,
                2.0599995,
                -4.26
              ],
              "size": [
                1.0,
                5.0,
                3.0
              ],
              "inflate": 0.0,
              "uv": [
                19.0,
                8.0
              ],
              "mirror": false
            }
          ]
        },
        {
          "name": "right_leg",
          "pivot": [
            -1.0,
            2.0,
            -1.05
          ],
          "rotation": [
            0.0,
            0.0,
            0.0
          ],
          "cubes": [
            {
              "origin": [
                -1.5,
                -0.0,
                -1.55
              ],
              "size": [
                1.0,
                2.0,
                1.0
              ],
              "inflate": 0.0,
              "uv": [
                14.0,
                18.0
              ],
              "mirror": false
            }
          ]
        },
        {
          "name": "tail",
          "pivot": [
            0.0,
            2.9300003,
            1.16
          ],
          "rotation": [
            0.0,
            0.0,
            0.0
          ],
          "cubes": [
            {
              "origin": [
                -1.5,
                -0.069999695,
                0.15999997
              ],
              "size": [
                3.0,
                4.0,
                1.0
              ],
              "inflate": 0.0,
              "uv": [
                22.0,
                1.0
              ],
              "mirror": false
            }
          ]
        },
        {
          "name": "left_wing",
          "pivot": [
            1.5,
            7.0599995,
            -2.76
          ],
          "rotation": [
            0.0,
            0.0,
            0.0
          ],
          "cubes": [
            {
              "origin": [
                1.0,
                2.0599995,
                -4.26
              ],
              "size": [
                1.0,
                5.0,
                3.0
              ],
              "inflate": 0.0,
              "uv": [
                19.0,
                8.0
              ],
              "mirror": false
            }
          ]
        },
        {
          "name": "body",
          "pivot": [
            0.0,
            7.5,
            -3.0
          ],
          "rotation": [
            0.0,
            0.0,
            0.0
          ],
          "cubes": [
            {
              "origin": [
                -1.5,
                1.5,
                -4.5
              ],
              "size": [
                3.0,
                6.0,
                3.0
              ],
              "inflate": 0.0,
              "uv": [
                2.0,
                8.0
              ],
              "mirror": false
            }
          ]
        }
      ]
    }
  ]
}