{
  "format_version": "1.12.0",
  "minecraft:geometry": [
    {
      "description": {
        "identifier": "minecraft:phantom#main",
        "texture_width": 64,
        "texture_height": 64
      },
      "bones": [
        {
          "name": "body",
          "pivot": [
            0.0,
            24.0,
            0.0
          ],
          "rotation": [
            -5.729578036685597,
            0.0,
            0.0
          ],
          "cubes": [
            {
              "origin": [
                -3.0,
                23.0,
                -8.0
              ],
              "size": [
                5.0,
                3.0,
                9.0
              ],
              "inflate": 0.0,
              "uv": [
                0.0,
                8.0
              ],
              "mirror": false
            }
          ]
        },
        {
          "name": "head",
          "parent": "body",
          "pivot": [
            0.0,
            23.0,
            -7.0
          ],
          "rotation": [
            11.459156073371194,
            0.0,
            0.0
          ],
          "cubes": [
            {
              "origin": [
                -4.0,
                22.0,
                -12.0
              ],
              "size": [
                7.0,
                3.0,
                5.0
              ],
              "inflate": 0.0,
              "uv": [
                0.0,
                0.0
              ],
              "mirror": false
            }
          ]
        },
        {
          "name": "right_wing_base",
          "parent": "body",
          "pivot": [
            -3.0,
            26.0,
            -8.0
          ],
          "rotation": [
            0.0,
            0.0,
            -5.729578036685597
          ],
          "cubes": [
            {
              "origin": [
                -9.0,
                24.0,
                -8.0
              ],
              "size": [
                6.0,
                2.0,
                9.0
              ],
              "inflate": 0.0,
              "uv": [
                23.0,
                12.0
              ],
              "mirror": true
            }
          ]
        },
        {
          "name": "right_wing_tip",
          "parent": "right_wing_base",
          "pivot": [
            -9.0,
            26.0,
            -8.0
          ],
          "rotation": [
            0.0,
            0.0,
            -5.729578036685597
          ],
          "cubes": [
            {
              "origin": [
                -22.0,
                25.0,
                -8.0
              ],
              "size": [
                13.0,
                1.0,
                9.0
              ],
              "inflate": 0.0,
              "uv": [
                16.0,
                24.0
              ],
              "mirror": true
            }
          ]
        },
        {
          "name": "tail_base",
          "parent": "body",
          "pivot": [
            0.0,
            26.0,
            1.0
          ],
          "rotation": [
            0.0,
            0.0,
            0.0
          ],
          "cubes": [
            {
              "origin": [
                -2.0,
                24.0,
                1.0
              ],
              "size": [
                3.0,
                2.0,
                6.0
              ],
              "inflate": 0.0,
              "uv": [
                3.0,
                20.0
              ],
              "mirror": false
            }
          ]
        },
        {
          "name": "tail_tip",
          "parent": "tail_base",
          "pivot": [
            0.0,
            25.5,
            7.0
          ],
          "rotation": [
            0.0,
            0.0,
            0.0
          ],
          "cubes": [
            {
              "origin": [
                -1.0,
                24.5,
                7.0
              ],
              "size": [
                1.0,
                1.0,
                6.0
              ],
              "inflate": 0.0,
              "uv": [
                4.0,
                29.0
              ],
              "mirror": false
            }
          ]
        },
        {
          "name": "left_wing_base",
          "parent": "body",
          "pivot": [
            2.0,
            26.0,
            -8.0
          ],
          "rotation": [
            0.0,
            0.0,
            5.729578036685597
          ],
          "cubes": [
            {
              "origin": [
                2.0,
                24.0,
                -8.0
              ],
              "size": [
                6.0,
                2.0,
                9.0
              ],
              "inflate": 0.0,
              "uv": [
                23.0,
                12.0
              ],
              "mirror": false
            }
          ]
        },
        {
          "name": "left_wing_tip",
          "parent": "left_wing_base",
          "pivot": [
            8.0,
            26.0,
            -8.0
          ],
          "rotation": [
            0.0,
            0.0,
            5.729578036685597
          ],
          "cubes": [
            {
              "origin": [
                8.0,
                25.0,
                -8.0
              ],
              "size": [
                13.0,
                1.0,
                9.0
              ],
              "inflate": 0.0,
              "uv": [
                16.0,
                24.0
              ],
              "mirror": false
            }
          ]
        }
      ]
    }
  ]
}