{
  "format_version": "1.12.0",
  "minecraft:geometry": [
    {
      "description": {
        "identifier": "minecraft:pig#main",
        "texture_width": 64,
        "texture_height": 32
      },
      "bones": [
        {
          "name": "head",
          "pivot": [
            0.0,
            12.0,
            -6.0
          ],
          "rotation": [
            0.0,
            0.0,
            0.0
          ],
          "cubes": [
            {
              "origin": [
                -4.0,
                8.0,
                -14.0
              ],
              "size": [
                8.0,
                8.0,
                8.0
              ],
              "inflate": 0.0,
              "uv": [
                0.0,
                0.0
              ],
              "mirror": false
            },
            {
              "origin": [
                -2.0,
                9.0,
                -15.0
              ],
              "size": [
                4.0,
                3.0,
                1.0
              ],
              "inflate": 0.0,
              "uv": [
                16.0,
                16.0
              ],
              "mirror": false
            }
          ]
        },
        {
          "name": "right_front_leg",
          "pivot": [
            -3.0,
            6.0,
            -5.0
          ],
          "rotation": [
            0.0,
            0.0,
            0.0
          ],
          "cubes": [
            {
              "origin": [
                -5.0,
                -0.0,
                -7.0
              ],
              "size": [
                4.0,
                6.0,
                4.0
              ],
              "inflate": 0.0,
              "uv": [
                0.0,
                16.0
              ],
              "mirror": false
            }
          ]
        },
        {
          "name": "right_hind_leg",
          "pivot": [
            -3.0,
            6.0,
            7.0
          ],
          "rotation": [
            0.0,
            0.0,
            0.0
          ],
          "cubes": [
            {
              "origin": [
                -5.0,
                -0.0,
                5.0
              ],
              "size": [
                4.0,
                6.0,
                4.0
              ],
              "inflate": 0.0,
              "uv": [
                0.0,
                16.0
              ],
              "mirror": false
            }
          ]
        },
        {
          "name": "left_hind_leg",
          "pivot": [
            3.0,
            6.0,
            7.0
          ],
          "rotation": [
            0.0,
            0.0,
            0.0
          ],
          "cubes": [
            {
              "origin": [
                1.0,
                -0.0,
                5.0
              ],
              "size": [
                4.0,
                6.0,
                4.0
              ],
              "inflate": 0.0,
              "uv": [
                0.0,
                16.0
              ],
              "mirror": false
            }
          ]
        },
        {
          "name": "body",
          "pivot": [
            0.0,
            13.0,
            2.0
          ],
          "rotation": [
            90.00000250447816,
            0.0,
            0.0
          ],
          "cubes": [
            {
              "origin": [
                -5.0,
                7.0,
                -5.0
              ],
              "size": [
                10.0,
                16.0,
                8.0
              ],
              "inflate": 0.0,
              "uv": [
                28.0,
                8.0
              ],
              "mirror": false
            }
          ]
        },
        {
          "name": "left_front_leg",
          "pivot": [
            3.0,
            6.0,
            -5.0
          ],
          "rotation": [
            0.0,
            0.0,
            0.0
          ],
          "cubes": [
            {
              "origin": [
                1.0,
                -0.0,
                -7.0
              ],
              "size": [
                4.0,
                6.0,
                4.0
              ],
              "inflate": 0.0,
              "uv": [
                0.0,
                16.0
              ],
              "mirror": false
            }
          ]
        }
      ]
    }
  ]
}