{
  "format_version": "1.12.0",
  "minecraft:geometry": [
    {
      "description": {
        "identifier": "minecraft:player_slim#main",
        "texture_width": 64,
        "texture_height": 64
      },
      "bones": [
        {
          "name": "right_arm",
          "pivot": [
            -5.0,
            21.5,
            0.0
          ],
          "rotation": [
            0.0,
            0.0,
            0.0
          ],
          "cubes": [
            {
              "origin": [
                -7.0,
                11.5,
                -2.0
              ],
              "size": [
                3.0,
                12.0,
                4.0
              ],
              "inflate": 0.0,
              "uv": [
                40.0,
                16.0
              ],
              "mirror": false
            }
          ]
        },
        {
          "name": "left_leg",
          "pivot": [
            1.9,
            12.0,
            0.0
          ],
          "rotation": [
            0.0,
            0.0,
            0.0
          ],
          "cubes": [
            {
              "origin": [
                -0.100000024,
                -0.0,
                -2.0
              ],
              "size": [
                4.0,
                12.0,
                4.0
              ],
              "inflate": 0.0,
              "uv": [
                16.0,
                48.0
              ],
              "mirror": false
            }
          ]
        },
        {
          "name": "jacket",
          "pivot": [
            0.0,
            24.0,
            0.0
          ],
          "rotation": [
            0.0,
            0.0,
            0.0
          ],
          "cubes": [
            {
              "origin": [
                -4.0,
                12.0,
                -2.0
              ],
              "size": [
                8.0,
                12.0,
                4.0
              ],
              "inflate": 0.25,
              "uv": [
                16.0,
                32.0
              ],
              "mirror": false
            }
          ]
        },
        {
          "name": "body",
          "pivot": [
            0.0,
            24.0,
            0.0
          ],
          "rotation": [
            0.0,
            0.0,
            0.0
          ],
          "cubes": [
            {
              "origin": [
                -4.0,
                12.0,
                -2.0
              ],
              "size": [
                8.0,
                12.0,
                4.0
              ],
              "inflate": 0.0,
              "uv": [
                16.0,
                16.0
              ],
              "mirror": false
            }
          ]
        },
        {
          "name": "head",
          "pivot": [
            0.0,
            24.0,
            0.0
          ],
          "rotation": [
            0.0,
            0.0,
            0.0
          ],
          "cubes": [
            {
              "origin": [
                -4.0,
                24.0,
                -4.0
              ],
              "size": [
                8.0,
                8.0,
                8.0
              ],
              "inflate": 0.0,
              "uv": [
                0.0,
                0.0
              ],
              "mirror": false
            }
          ]
        },
        {
          "name": "left_sleeve",
          "pivot": [
            5.0,
            21.5,
            0.0
          ],
          "rotation": [
            0.0,
            0.0,
            0.0
          ],
          "cubes": [
            {
              "origin": [
                4.0,
                11.5,
                -2.0
              ],
              "size": [
                3.0,
                12.0,
                4.0
              ],
              "inflate": 0.25,
              "uv": [
                48.0,
                48.0
              ],
              "mirror": false
            }
          ]
        },
        {
          "name": "right_sleeve",
          "pivot": [
            -5.0,
            21.5,
            0.0
          ],
          "rotation": [
            0.0,
            0.0,
            0.0
          ],
          "cubes": [
            {
              "origin": [
                -7.0,
                11.5,
                -2.0
              ],
              "size": [
                3.0,
                12.0,
                4.0
              ],
              "inflate": 0.25,
              "uv": [
                40.0,
                32.0
              ],
              "mirror": false
            }
          ]
        },
        {
          "name": "left_arm",
          "pivot": [
            5.0,
            21.5,
            0.0
          ],
          "rotation": [
            0.0,
            0.0,
            0.0
          ],
          "cubes": [
            {
              "origin": [
                4.0,
                11.5,
                -2.0
              ],
              "size": [
                3.0,
                12.0,
                4.0
              ],
              "inflate": 0.0,
              "uv": [
                32.0,
                48.0
              ],
              "mirror": false
            }
          ]
        },
        {
          "name": "right_leg",
          "pivot": [
            -1.9,
            12.0,
            0.0
          ],
          "rotation": [
            0.0,
            0.0,
            0.0
          ],
          "cubes": [
            {
              "origin": [
                -3.9,
                -0.0,
                -2.0
              ],
              "size": [
                4.0,
                12.0,
                4.0
              ],
              "inflate": 0.0,
              "uv": [
                0.0,
                16.0
              ],
              "mirror": false
            }
          ]
        },
        {
          "name": "cloak",
          "pivot": [
            0.0,
            24.0,
            0.0
          ],
          "rotation": [
            0.0,
            0.0,
            0.0
          ],
          "cubes": [
            {
              "origin": [
                -5.0,
                8.0,
                -1.0
              ],
              "size": [
                10.0,
                16.0,
                1.0
              ],
              "inflate": 0.0,
              "uv": [
                0.0,
                0.0
              ],
              "mirror": false
            }
          ]
        },
        {
          "name": "ear",
          "pivot": [
            0.0,
            24.0,
            0.0
          ],
          "rotation": [
            0.0,
            0.0,
            0.0
          ],
          "cubes": [
            {
              "origin": [
                -3.0,
                24.0,
                -1.0
              ],
              "size": [
                6.0,
                6.0,
                1.0
              ],
              "inflate": 0.0,
              "uv": [
                24.0,
                0.0
              ],
              "mirror": false
            }
          ]
        },
        {
          "name": "right_pants",
          "pivot": [
            -1.9,
            12.0,
            0.0
          ],
          "rotation": [
            0.0,
            0.0,
            0.0
          ],
          "cubes": [
            {
              "origin": [
                -3.9,
                -0.0,
                -2.0
              ],
              "size": [
                4.0,
                12.0,
                4.0
              ],
              "inflate": 0.25,
              "uv": [
                0.0,
                32.0
              ],
              "mirror": false
            }
          ]
        },
        {
          "name": "hat",
          "pivot": [
            0.0,
            24.0,
            0.0
          ],
          "rotation": [
            0.0,
            0.0,
            0.0
          ],
          "cubes": [
            {
              "origin": [
                -4.0,
                24.0,
                -4.0
              ],
              "size": [
                8.0,
                8.0,
                8.0
              ],
              "inflate": 0.5,
              "uv": [
                32.0,
                0.0
              ],
              "mirror": false
            }
          ]
        },
        {
          "name": "left_pants",
          "pivot": [
            1.9,
            12.0,
            0.0
          ],
          "rotation": [
            0.0,
            0.0,
            0.0
          ],
          "cubes": [
            {
              "origin": [
                -0.100000024,
                -0.0,
                -2.0
              ],
              "size": [
                4.0,
                12.0,
                4.0
              ],
              "inflate": 0.25,
              "uv": [
                0.0,
                48.0
              ],
              "mirror": false
            }
          ]
        }
      ]
    }
  ]
}