{
  "format_version": "1.12.0",
  "minecraft:geometry": [
    {
      "description": {
        "identifier": "minecraft:ravager#main",
        "texture_width": 128,
        "texture_height": 128
      },
      "bones": [
        {
          "name": "right_front_leg",
          "pivot": [
            -8.0,
            37.0,
            -5.0
          ],
          "rotation": [
            0.0,
            0.0,
            0.0
          ],
          "cubes": [
            {
              "origin": [
                -12.0,
                -0.0,
                -9.0
              ],
              "size": [
                8.0,
                37.0,
                8.0
              ],
              "inflate": 0.0,
              "uv": [
                64.0,
                0.0
              ],
              "mirror": false
            }
          ]
        },
        {
          "name": "right_hind_leg",
          "pivot": [
            -8.0,
            37.0,
            18.0
          ],
          "rotation": [
            0.0,
            0.0,
            0.0
          ],
          "cubes": [
            {
              "origin": [
                -12.0,
                -0.0,
                14.0
              ],
              "size": [
                8.0,
                37.0,
                8.0
              ],
              "inflate": 0.0,
              "uv": [
                96.0,
                0.0
              ],
              "mirror": false
            }
          ]
        },
        {
          "name": "left_hind_leg",
          "pivot": [
            8.0,
            37.0,
            18.0
          ],
          "rotation": [
            0.0,
            0.0,
            0.0
          ],
          "cubes": [
            {
              "origin": [
                4.0,
                -0.0,
                14.0
              ],
              "size": [
                8.0,
                37.0,
                8.0
              ],
              "inflate": 0.0,
              "uv": [
                96.0,
                0.0
              ],
              "mirror": true
            }
          ]
        },
        {
          "name": "neck",
          "pivot": [
            0.0,
            31.0,
            5.5
          ],
          "rotation": [
            0.0,
            0.0,
            0.0
          ],
          "cubes": [
            {
              "origin": [
                -5.0,
                22.0,
                -12.5
              ],
              "size": [
                10.0,
                10.0,
                18.0
              ],
              "inflate": 0.0,
              "uv": [
                68.0,
                73.0
              ],
              "mirror": false
            }
          ]
        },
        {
          "name": "head",
          "parent": "neck",
          "pivot": [
            0.0,
            15.0,
            -11.5
          ],
          "rotation": [
            0.0,
            0.0,
            0.0
          ],
          "cubes": [
            {
              "origin": [
                -8.0,
                15.0,
                -25.5
              ],
              "size": [
                16.0,
                20.0,
                16.0
              ],
              "inflate": 0.0,
              "uv": [
                0.0,
                0.0
              ],
              "mirror": false
            },
            {
              "origin": [
                -2.0,
                13.0,
                -29.5
              ],
              "size": [
                4.0,
                8.0,
                4.0
              ],
              "inflate": 0.0,
              "uv": [
                0.0,
                0.0
              ],
              "mirror": false
            }
          ]
        },
        {
          "name": "right_horn",
          "parent": "head",
          "pivot": [
            -10.0,
            29.0,
            -19.5
          ],
          "rotation": [
            62.99999833804013,
            0.0,
            0.0
          ],
          "cubes": [
            {
              "origin": [
                -10.0,
                29.0,
                -21.5
              ],
              "size": [
                2.0,
                14.0,
                4.0
              ],
              "inflate": 0.0,
              "uv": [
                74.0,
                55.0
              ],
              "mirror": false
            }
          ]
        },
        {
          "name": "mouth",
          "parent": "head",
          "pivot": [
            0.0,
            17.0,
            -9.5
          ],
          "rotation": [
            0.0,
            0.0,
            0.0
          ],
          "cubes": [
            {
              "origin": [
                -8.0,
                14.0,
                -25.5
              ],
              "size": [
                16.0,
                3.0,
                16.0
              ],
              "inflate": 0.0,
              "uv": [
                0.0,
                36.0
              ],
              "mirror": false
            }
          ]
        },
        {
          "name": "left_horn",
          "parent": "head",
          "pivot": [
            8.0,
            29.0,
            -19.5
          ],
          "rotation": [
            62.99999833804013,
            0.0,
            0.0
          ],
          "cubes": [
            {
              "origin": [
                8.0,
                29.0,
                -21.5
              ],
              "size": [
                2.0,
                14.0,
                4.0
              ],
              "inflate": 0.0,
              "uv": [
                74.0,
                55.0
              ],
              "mirror": true
            }
          ]
        },
        {
          "name": "body",
          "pivot": [
            0.0,
            23.0,
            2.0
          ],
          "rotation": [
            90.00000250447816,
            0.0,
            0.0
          ],
          "cubes": [
            {
              "origin": [
                -7.0,
                17.0,
                -5.0
              ],
              "size": [
                14.0,
                16.0,
                20.0
              ],
              "inflate": 0.0,
              "uv": [
                0.0,
                55.0
              ],
              "mirror": false
            },
            {
              "origin": [
                -6.0,
                4.0,
                -5.0
              ],
              "size": [
                12.0,
                13.0,
                18.0
              ],
              "inflate": 0.0,
              "uv": [
                0.0,
                91.0
              ],
              "mirror": false
            }
          ]
        },
        {
          "name": "left_front_leg",
          "pivot": [
            8.0,
            37.0,
            -5.0
          ],
          "rotation": [
            0.0,
            0.0,
            0.0
          ],
          "cubes": [
            {
              "origin": [
                4.0,
                -0.0,
                -9.0
              ],
              "size": [
                8.0,
                37.0,
                8.0
              ],
              "inflate": 0.0,
              "uv": [
                64.0,
                0.0
              ],
              "mirror": true
            }
          ]
        }
      ]
    }
  ]
}