{
  "format_version": "1.12.0",
  "minecraft:geometry": [
    {
      "description": {
        "identifier": "minecraft:salmon#main",
        "texture_width": 32,
        "texture_height": 32
      },
      "bones": [
        {
          "name": "head",
          "pivot": [
            0.0,
            4.0,
            0.0
          ],
          "rotation": [
            0.0,
            0.0,
            0.0
          ],
          "cubes": [
            {
              "origin": [
                -1.0,
                2.0,
                -3.0
              ],
              "size": [
                2.0,
                4.0,
                3.0
              ],
              "inflate": 0.0,
              "uv": [
                22.0,
                0.0
              ],
              "mirror": false
            }
          ]
        },
        {
          "name": "left_fin",
          "pivot": [
            1.5,
            2.5,
            0.0
          ],
          "rotation": [
            0.0,
            0.0,
            45.00000125223908
          ],
          "cubes": [
            {
              "origin": [
                1.5,
                2.5,
                0.0
              ],
              "size": [
                2.0,
                0.0,
                2.0
              ],
              "inflate": 0.0,
              "uv": [
                0.0,
                0.0
              ],
              "mirror": false
            }
          ]
        },
        {
          "name": "body_back",
          "pivot": [
            0.0,
            4.0,
            8.0
          ],
          "rotation": [
            0.0,
            0.0,
            0.0
          ],
          "cubes": [
            {
              "origin": [
                -1.5,
                1.5,
                8.0
              ],
              "size": [
                3.0,
                5.0,
                8.0
              ],
              "inflate": 0.0,
              "uv": [
                0.0,
                13.0
              ],
              "mirror": false
            }
          ]
        },
        {
          "name": "top_back_fin",
          "parent": "body_back",
          "pivot": [
            0.0,
            8.5,
            7.0
          ],
          "rotation": [
            0.0,
            0.0,
            0.0
          ],
          "cubes": [
            {
              "origin": [
                0.0,
                6.5,
                7.0
              ],
              "size": [
                0.0,
                2.0,
                4.0
              ],
              "inflate": 0.0,
              "uv": [
                0.0,
                2.0
              ],
              "mirror": false
            }
          ]
        },
        {
          "name": "back_fin",
          "parent": "body_back",
          "pivot": [
            0.0,
            4.0,
            16.0
          ],
          "rotation": [
            0.0,
            0.0,
            0.0
          ],
          "cubes": [
            {
              "origin": [
                0.0,
                1.5,
                16.0
              ],
              "size": [
                0.0,
                5.0,
                6.0
              ],
              "inflate": 0.0,
              "uv": [
                20.0,
                10.0
              ],
              "mirror": false
            }
          ]
        },
        {
          "name": "right_fin",
          "pivot": [
            -1.5,
            2.5,
            0.0
          ],
          "rotation": [
            0.0,
            0.0,
            -45.00000125223908
          ],
          "cubes": [
            {
              "origin": [
                -3.5,
                2.5,
                0.0
              ],
              "size": [
                2.0,
                0.0,
                2.0
              ],
              "inflate": 0.0,
              "uv": [
                -4.0,
                0.0
              ],
              "mirror": false
            }
          ]
        },
        {
          "name": "body_front",
          "pivot": [
            0.0,
            4.0,
            0.0
          ],
          "rotation": [
            0.0,
            0.0,
            0.0
          ],
          "cubes": [
            {
              "origin": [
                -1.5,
                1.5,
                0.0
              ],
              "size": [
                3.0,
                5.0,
                8.0
              ],
              "inflate": 0.0,
              "uv": [
                0.0,
                0.0
              ],
              "mirror": false
            }
          ]
        },
        {
          "name": "top_front_fin",
          "parent": "body_front",
          "pivot": [
            0.0,
            8.5,
            5.0
          ],
          "rotation": [
            0.0,
            0.0,
            0.0
          ],
          "cubes": [
            {
              "origin": [
                0.0,
                6.5,
                5.0
              ],
              "size": [
                0.0,
                2.0,
                3.0
              ],
              "inflate": 0.0,
              "uv": [
                2.0,
                1.0
              ],
              "mirror": false
            }
          ]
        }
      ]
    }
  ]
}