{
  "format_version": "1.12.0",
  "minecraft:geometry": [
    {
      "description": {
        "identifier": "minecraft:shield#main",
        "texture_width": 64,
        "texture_height": 64
      },
      "bones": [
        {
          "name": "plate",
          "pivot": [
            0.0,
            24.0,
            0.0
          ],
          "rotation": [
            0.0,
            0.0,
            0.0
          ],
          "cubes": [
            {
              "origin": [
                -6.0,
                13.0,
                -2.0
              ],
              "size": [
                12.0,
                22.0,
                1.0
              ],
              "inflate": 0.0,
              "uv": [
                0.0,
                0.0
              ],
              "mirror": false
            }
          ]
        },
        {
          "name": "handle",
          "pivot": [
            0.0,
            24.0,
            0.0
          ],
          "rotation": [
            0.0,
            0.0,
            0.0
          ],
          "cubes": [
            {
              "origin": [
                -1.0,
                21.0,
                -1.0
              ],
              "size": [
                2.0,
                6.0,
                6.0
              ],
              "inflate": 0.0,
              "uv": [
                26.0,
                0.0
              ],
              "mirror": false
            }
          ]
        }
      ]
    }
  ]
}