{
  "format_version": "1.12.0",
  "minecraft:geometry": [
    {
      "description": {
        "identifier": "minecraft:silverfish#main",
        "texture_width": 64,
        "texture_height": 32
      },
      "bones": [
        {
          "name": "segment2",
          "pivot": [
            0.0,
            4.0,
            1.0
          ],
          "rotation": [
            0.0,
            0.0,
            0.0
          ],
          "cubes": [
            {
              "origin": [
                -3.0,
                -0.0,
                -0.5
              ],
              "size": [
                6.0,
                4.0,
                3.0
              ],
              "inflate": 0.0,
              "uv": [
                0.0,
                9.0
              ],
              "mirror": false
            }
          ]
        },
        {
          "name": "segment1",
          "pivot": [
            0.0,
            3.0,
            -1.5
          ],
          "rotation": [
            0.0,
            0.0,
            0.0
          ],
          "cubes": [
            {
              "origin": [
                -2.0,
                -0.0,
                -2.5
              ],
              "size": [
                4.0,
                3.0,
                2.0
              ],
              "inflate": 0.0,
              "uv": [
                0.0,
                4.0
              ],
              "mirror": false
            }
          ]
        },
        {
          "name": "segment0",
          "pivot": [
            0.0,
            2.0,
            -3.5
          ],
          "rotation": [
            0.0,
            0.0,
            0.0
          ],
          "cubes": [
            {
              "origin": [
                -1.5,
                -0.0,
                -4.5
              ],
              "size": [
                3.0,
                2.0,
                2.0
              ],
              "inflate": 0.0,
              "uv": [
                0.0,
                0.0
              ],
              "mirror": false
            }
          ]
        },
        {
          "name": "layer0",
          "pivot": [
            0.0,
            8.0,
            1.0
          ],
          "rotation": [
            0.0,
            0.0,
            0.0
          ],
          "cubes": [
            {
              "origin": [
                -5.0,
                -0.0,
                -0.5
              ],
              "size": [
                10.0,
                8.0,
                3.0
              ],
              "inflate": 0.0,
              "uv": [
                20.0,
                0.0
              ],
              "mirror": false
            }
          ]
        },
        {
          "name": "layer1",
          "pivot": [
            0.0,
            4.0,
            7.0
          ],
          "rotation": [
            0.0,
            0.0,
            0.0
          ],
          "cubes": [
            {
              "origin": [
                -3.0,
                -0.0,
                5.5
              ],
              "size": [
                6.0,
                4.0,
                3.0
              ],
              "inflate": 0.0,
              "uv": [
                20.0,
                11.0
              ],
              "mirror": false
            }
          ]
        },
        {
          "name": "layer2",
          "pivot": [
            0.0,
            5.0,
            -1.5
          ],
          "rotation": [
            0.0,
            0.0,
            0.0
          ],
          "cubes": [
            {
              "origin": [
                -3.0,
                -0.0,
                -3.0
              ],
              "size": [
                6.0,
                5.0,
                2.0
              ],
              "inflate": 0.0,
              "uv": [
                20.0,
                18.0
              ],
              "mirror": false
            }
          ]
        },
        {
          "name": "segment6",
          "pivot": [
            0.0,
            1.0,
            11.5
          ],
          "rotation": [
            0.0,
            0.0,
            0.0
          ],
          "cubes": [
            {
              "origin": [
                -0.5,
                -0.0,
                10.5
              ],
              "size": [
                1.0,
                1.0,
                2.0
              ],
              "inflate": 0.0,
              "uv": [
                13.0,
                4.0
              ],
              "mirror": false
            }
          ]
        },
        {
          "name": "segment5",
          "pivot": [
            0.0,
            1.0,
            9.5
          ],
          "rotation": [
            0.0,
            0.0,
            0.0
          ],
          "cubes": [
            {
              "origin": [
                -1.0,
                -0.0,
                8.5
              ],
              "size": [
                2.0,
                1.0,
                2.0
              ],
              "inflate": 0.0,
              "uv": [
                11.0,
                0.0
              ],
              "mirror": false
            }
          ]
        },
        {
          "name": "segment4",
          "pivot": [
            0.0,
            2.0,
            7.0
          ],
          "rotation": [
            0.0,
            0.0,
            0.0
          ],
          "cubes": [
            {
              "origin": [
                -1.0,
                -0.0,
                5.5
              ],
              "size": [
                2.0,
                2.0,
                3.0
              ],
              "inflate": 0.0,
              "uv": [
                0.0,
                22.0
              ],
              "mirror": false
            }
          ]
        },
        {
          "name": "segment3",
          "pivot": [
            0.0,
            3.0,
            4.0
          ],
          "rotation": [
            0.0,
            0.0,
            0.0
          ],
          "cubes": [
            {
              "origin": [
                -1.5,
                -0.0,
                2.5
              ],
              "size": [
                3.0,
                3.0,
                3.0
              ],
              "inflate": 0.0,
              "uv": [
                0.0,
                16.0
              ],
              "mirror": false
            }
          ]
        }
      ]
    }
  ]
}