{
  "format_version": "1.12.0",
  "minecraft:geometry": [
    {
      "description": {
        "identifier": "minecraft:sniffer#main",
        "texture_width": 192,
        "texture_height": 192
      },
      "bones": [
        {
          "name": "root",
          "pivot": [
            0.0,
            19.0,
            0.0
          ],
          "rotation": [
            0.0,
            0.0,
            0.0
          ],
          "cubes": []
        },
        {
          "name": "bone",
          "parent": "root",
          "pivot": [
            0.0,
            19.0,
            0.0
          ],
          "rotation": [
            0.0,
            0.0,
            0.0
          ],
          "cubes": []
        },
        {
          "name": "right_front_leg",
          "parent": "bone",
          "pivot": [
            -7.5,
            9.0,
            -15.0
          ],
          "rotation": [
            0.0,
            0.0,
            0.0
          ],
          "cubes": [
            {
              "origin": [
                -11.0,
                -0.0,
                -19.0
              ],
              "size": [
                7.0,
                10.0,
                8.0
              ],
              "inflate": 0.0,
              "uv": [
                32.0,
                87.0
              ],
              "mirror": false
            }
          ]
        },
        {
          "name": "right_hind_leg",
          "parent": "bone",
          "pivot": [
            -7.5,
            9.0,
            15.0
          ],
          "rotation": [
            0.0,
            0.0,
            0.0
          ],
          "cubes": [
            {
              "origin": [
                -11.0,
                -0.0,
                11.0
              ],
              "size": [
                7.0,
                10.0,
                8.0
              ],
              "inflate": 0.0,
              "uv": [
                32.0,
                123.0
              ],
              "mirror": false
            }
          ]
        },
        {
          "name": "right_mid_leg",
          "parent": "bone",
          "pivot": [
            -7.5,
            9.0,
            0.0
          ],
          "rotation": [
            0.0,
            0.0,
            0.0
          ],
          "cubes": [
            {
              "origin": [
                -11.0,
                -0.0,
                -4.0
              ],
              "size": [
                7.0,
                10.0,
                8.0
              ],
              "inflate": 0.0,
              "uv": [
                32.0,
                105.0
              ],
              "mirror": false
            }
          ]
        },
        {
          "name": "left_hind_leg",
          "parent": "bone",
          "pivot": [
            7.5,
            9.0,
            15.0
          ],
          "rotation": [
            0.0,
            0.0,
            0.0
          ],
          "cubes": [
            {
              "origin": [
                4.0,
                -0.0,
                11.0
              ],
              "size": [
                7.0,
                10.0,
                8.0
              ],
              "inflate": 0.0,
              "uv": [
                0.0,
                123.0
              ],
              "mirror": false
            }
          ]
        },
        {
          "name": "body",
          "parent": "bone",
          "pivot": [
            0.0,
            19.0,
            0.0
          ],
          "rotation": [
            0.0,
            0.0,
            0.0
          ],
          "cubes": [
            {
              "origin": [
                -12.5,
                4.0,
                -20.0
              ],
              "size": [
                25.0,
                29.0,
                40.0
              ],
              "inflate": 0.0,
              "uv": [
                62.0,
                68.0
              ],
              "mirror": false
            },
            {
              "origin": [
                -12.5,
                9.0,
                -20.0
              ],
              "size": [
                25.0,
                24.0,
                40.0
              ],
              "inflate": 0.5,
              "uv": [
                62.0,
                0.0
              ],
              "mirror": false
            },
            {
              "origin": [
                -12.5,
                7.0,
                -20.0
              ],
              "size": [
                25.0,
                0.0,
                40.0
              ],
              "inflate": 0.0,
              "uv": [
                87.0,
                68.0
              ],
              "mirror": false
            }
          ]
        },
        {
          "name": "head",
          "parent": "body",
          "pivot": [
            0.0,
            12.5,
            -19.48
          ],
          "rotation": [
            0.0,
            0.0,
            0.0
          ],
          "cubes": [
            {
              "origin": [
                -6.5,
                2.0,
                -30.98
              ],
              "size": [
                13.0,
                18.0,
                11.0
              ],
              "inflate": 0.0,
              "uv": [
                8.0,
                15.0
              ],
              "mirror": false
            },
            {
              "origin": [
                -6.5,
                5.0,
                -30.98
              ],
              "size": [
                13.0,
                0.0,
                11.0
              ],
              "inflate": 0.0,
              "uv": [
                8.0,
                4.0
              ],
              "mirror": false
            }
          ]
        },
        {
          "name": "nose",
          "parent": "head",
          "pivot": [
            0.0,
            17.0,
            -30.98
          ],
          "rotation": [
            0.0,
            0.0,
            0.0
          ],
          "cubes": [
            {
              "origin": [
                -6.5,
                17.0,
                -39.98
              ],
              "size": [
                13.0,
                2.0,
                9.0
              ],
              "inflate": 0.0,
              "uv": [
                10.0,
                45.0
              ],
              "mirror": false
            }
          ]
        },
        {
          "name": "lower_beak",
          "parent": "head",
          "pivot": [
            0.0,
            10.0,
            -31.98
          ],
          "rotation": [
            0.0,
            0.0,
            0.0
          ],
          "cubes": [
            {
              "origin": [
                -6.5,
                5.0,
                -39.98
              ],
              "size": [
                13.0,
                12.0,
                9.0
              ],
              "inflate": 0.0,
              "uv": [
                10.0,
                57.0
              ],
              "mirror": false
            }
          ]
        },
        {
          "name": "right_ear",
          "parent": "head",
          "pivot": [
            -6.51,
            20.0,
            -23.99
          ],
          "rotation": [
            0.0,
            0.0,
            0.0
          ],
          "cubes": [
            {
              "origin": [
                -7.51,
                1.0,
                -26.99
              ],
              "size": [
                1.0,
                19.0,
                7.0
              ],
              "inflate": 0.0,
              "uv": [
                48.0,
                0.0
              ],
              "mirror": false
            }
          ]
        },
        {
          "name": "left_ear",
          "parent": "head",
          "pivot": [
            6.51,
            20.0,
            -23.99
          ],
          "rotation": [
            0.0,
            0.0,
            0.0
          ],
          "cubes": [
            {
              "origin": [
                6.51,
                1.0,
                -26.99
              ],
              "size": [
                1.0,
                19.0,
                7.0
              ],
              "inflate": 0.0,
              "uv": [
                2.0,
                0.0
              ],
              "mirror": false
            }
          ]
        },
        {
          "name": "left_mid_leg",
          "parent": "bone",
          "pivot": [
            7.5,
            9.0,
            0.0
          ],
          "rotation": [
            0.0,
            0.0,
            0.0
          ],
          "cubes": [
            {
              "origin": [
                4.0,
                -0.0,
                -4.0
              ],
              "size": [
                7.0,
                10.0,
                8.0
              ],
              "inflate": 0.0,
              "uv": [
                0.0,
                105.0
              ],
              "mirror": false
            }
          ]
        },
        {
          "name": "left_front_leg",
          "parent": "bone",
          "pivot": [
            7.5,
            9.0,
            -15.0
          ],
          "rotation": [
            0.0,
            0.0,
            0.0
          ],
          "cubes": [
            {
              "origin": [
                4.0,
                -0.0,
                -19.0
              ],
              "size": [
                7.0,
                10.0,
                8.0
              ],
              "inflate": 0.0,
              "uv": [
                0.0,
                87.0
              ],
              "mirror": false
            }
          ]
        }
      ]
    }
  ]
}