{
  "format_version": "1.12.0",
  "minecraft:geometry": [
    {
      "description": {
        "identifier": "minecraft:snow_golem#main",
        "texture_width": 64,
        "texture_height": 64
      },
      "bones": [
        {
          "name": "head",
          "pivot": [
            0.0,
            20.0,
            0.0
          ],
          "rotation": [
            0.0,
            0.0,
            0.0
          ],
          "cubes": [
            {
              "origin": [
                -4.0,
                20.0,
                -4.0
              ],
              "size": [
                8.0,
                8.0,
                8.0
              ],
              "inflate": -0.5,
              "uv": [
                0.0,
                0.0
              ],
              "mirror": false
            }
          ]
        },
        {
          "name": "right_arm",
          "pivot": [
            -5.0,
            18.0,
            -1.0
          ],
          "rotation": [
            0.0,
            180.00000500895632,
            -57.29577951308232
          ],
          "cubes": [
            {
              "origin": [
                -6.0,
                16.0,
                -2.0
              ],
              "size": [
                12.0,
                2.0,
                2.0
              ],
              "inflate": -0.5,
              "uv": [
                32.0,
                0.0
              ],
              "mirror": false
            }
          ]
        },
        {
          "name": "upper_body",
          "pivot": [
            0.0,
            11.0,
            0.0
          ],
          "rotation": [
            0.0,
            0.0,
            0.0
          ],
          "cubes": [
            {
              "origin": [
                -5.0,
                11.0,
                -5.0
              ],
              "size": [
                10.0,
                10.0,
                10.0
              ],
              "inflate": -0.5,
              "uv": [
                0.0,
                16.0
              ],
              "mirror": false
            }
          ]
        },
        {
          "name": "left_arm",
          "pivot": [
            5.0,
            18.0,
            1.0
          ],
          "rotation": [
            0.0,
            0.0,
            57.29577951308232
          ],
          "cubes": [
            {
              "origin": [
                4.0,
                16.0,
                0.0
              ],
              "size": [
                12.0,
                2.0,
                2.0
              ],
              "inflate": -0.5,
              "uv": [
                32.0,
                0.0
              ],
              "mirror": false
            }
          ]
        },
        {
          "name": "lower_body",
          "pivot": [
            0.0,
            -0.0,
            0.0
          ],
          "rotation": [
            0.0,
            0.0,
            0.0
          ],
          "cubes": [
            {
              "origin": [
                -6.0,
                -0.0,
                -6.0
              ],
              "size": [
                12.0,
                12.0,
                12.0
              ],
              "inflate": -0.5,
              "uv": [
                0.0,
                36.0
              ],
              "mirror": false
            }
          ]
        }
      ]
    }
  ]
}