{
  "enabled": true,
  "attributes": [
    {
      "attribute": "zoe:plating",
      "amplifier": 1.25
    },
    {
      "attribute": "zoe:discharge",
      "amplifier": 1.0
    },
    {
      "attribute": "minecraft:generic.armor",
      "amplifier": 1.5
    },
    {
      "attribute": "minecraft:generic.armor_toughness",
      "amplifier": 1.0
    },
    {
      "attribute": "minecraft:generic.movement_speed",
      "amplifier": -0.01
    },
    {
      "attribute": "forge:swim_speed",
      "amplifier": -0.05
    }
  ],
  "maxQuality": 0,
  "humanityScaling": 1.5,
  "update": true
}