{
	"format_version": "1.12.0",
	"minecraft:geometry": [
		{
			"description": {
				"identifier": "geometry.unknown",
				"texture_width": 32,
				"texture_height": 32,
				"visible_bounds_width": 3,
				"visible_bounds_height": 2.5,
				"visible_bounds_offset": [0, 0.75, 0]
			},
			"bones": [
				{
					"name": "camera",
					"pivot": [2.75, 14.2875, 12]
				},
				{
					"name": "positioning",
					"pivot": [0, 0, -8]
				},
				{
					"name": "thirdperson_hand",
					"parent": "positioning",
					"pivot": [0, 9.925, 1.15]
				},
				{
					"name": "ground",
					"parent": "positioning",
					"pivot": [0, 6.1, -0.35]
				},
				{
					"name": "fixed",
					"parent": "positioning",
					"pivot": [1.05, 10.675, -0.05],
					"rotation": [0, 90, 0]
				},
				{
					"name": "muzzle_flash",
					"parent": "positioning",
					"pivot": [-0.025, 10.85, -5.475]
				},
				{
					"name": "bone2",
					"pivot": [0, 7.9, 5.8],
					"cubes": [
						{
							"origin": [-0.25, 8.525, -1.0125],
							"size": [0.5, 1.5, 2.3125],
							"uv": {
								"north": {"uv": [24, 25], "uv_size": [1, 1.25]},
								"east": {"uv": [0, 19], "uv_size": [3, 1.25]},
								"south": {"uv": [0, 26], "uv_size": [1, 1.25]},
								"west": {"uv": [4, 19], "uv_size": [3, 1.25]},
								"up": {"uv": [21, 10], "uv_size": [1, 3]},
								"down": {"uv": [0, 25], "uv_size": [1, -3]}
							}
						},
						{
							"origin": [-0.625, 8.72526, -0.0799],
							"size": [1.25, 1.4375, 1.5625],
							"pivot": [0, 11.28776, 0.7951],
							"rotation": [43, 0, 0],
							"uv": {
								"north": {"uv": [25, 0], "uv_size": [1.25, 1.5]},
								"east": {"uv": [21, 22], "uv_size": [1.5, 1.5]},
								"south": {"uv": [25, 6], "uv_size": [1.25, 1.5]},
								"west": {"uv": [23, 10], "uv_size": [1.5, 1.5]},
								"up": {"uv": [25, 13], "uv_size": [1.25, 1.5]},
								"down": {"uv": [21, 26.5], "uv_size": [1.25, -1.5]}
							}
						},
						{
							"origin": [-0.625, 6.2125, 1.8625],
							"size": [1.25, 3.625, 1.75],
							"inflate": 0.001,
							"pivot": [0, 8.025, 3.20625],
							"rotation": [17, 0, 0],
							"uv": {
								"north": {"uv": [18, 10], "uv_size": [1.25, 3.75]},
								"east": {"uv": [10, 9], "uv_size": [1.75, 3.75]},
								"south": {"uv": [16, 18], "uv_size": [1.25, 3.75]},
								"west": {"uv": [12, 0], "uv_size": [1.75, 3.75]},
								"up": {"uv": [16, 23], "uv_size": [1.25, 1.75]},
								"down": {"uv": [24, 19.75], "uv_size": [1.25, -1.75]}
							}
						},
						{
							"origin": [-0.4375, 6.775, 1.55],
							"size": [0.875, 3.5, 2.3125],
							"pivot": [0, 8.025, 3.20625],
							"rotation": [17, 0, 0],
							"uv": {
								"north": {"uv": [4, 10], "uv_size": [1, 3.5]},
								"east": {"uv": [6, 9], "uv_size": [2.25, 3.5]},
								"south": {"uv": [8, 19], "uv_size": [1, 3.5]},
								"west": {"uv": [0, 10], "uv_size": [2.25, 3.5]},
								"up": {"uv": [12, 23], "uv_size": [1, 2.25]},
								"down": {"uv": [14, 25.25], "uv_size": [1, -2.25]}
							}
						},
						{
							"origin": [-0.5625, 6.09538, 1.98783],
							"size": [1.125, 0.92611, 2.21145],
							"uv": {
								"north": {"uv": [25, 16], "uv_size": [1.25, 1]},
								"east": {"uv": [21, 14], "uv_size": [2.25, 1]},
								"south": {"uv": [2, 26], "uv_size": [1.25, 1]},
								"west": {"uv": [8, 24], "uv_size": [2.25, 1]},
								"up": {"uv": [2, 22], "uv_size": [1.25, 2.25]},
								"down": {"uv": [5, 24.25], "uv_size": [1.25, -2.25]}
							}
						},
						{
							"origin": [-0.625, 9.13795, 2.57048],
							"size": [1.25, 0.5625, 0.625],
							"pivot": [0, 7.88795, 3.44548],
							"rotation": [67, 0, 0],
							"uv": {
								"north": {"uv": [18, 28], "uv_size": [1.25, 0.5]},
								"east": {"uv": [29, 26], "uv_size": [0.75, 0.5]},
								"south": {"uv": [28, 20], "uv_size": [1.25, 0.5]},
								"west": {"uv": [27, 29], "uv_size": [0.75, 0.5]},
								"up": {"uv": [18, 26], "uv_size": [1.25, 0.75]},
								"down": {"uv": [26, 25.75], "uv_size": [1.25, -0.75]}
							}
						},
						{
							"origin": [-0.625, 9.8375, -1.575],
							"size": [1.25, 1, 5.3125],
							"inflate": 0.001,
							"uv": {
								"north": {"uv": [26, 3], "uv_size": [1.25, 1]},
								"east": {"uv": [18, 6], "uv_size": [5.25, 1]},
								"south": {"uv": [5, 26], "uv_size": [1.25, 1]},
								"west": {"uv": [18, 8], "uv_size": [5.25, 1]},
								"up": {"uv": [13, 5], "uv_size": [1.25, 5.25]},
								"down": {"uv": [13, 17.25], "uv_size": [1.25, -5.25]}
							}
						},
						{
							"origin": [-0.4375, 11.49218, 3.88736],
							"size": [0.875, 0.70711, 0.70711],
							"pivot": [0, 11.69929, 2.16861],
							"rotation": [-45, 0, 0],
							"uv": {
								"north": {"uv": [14, 27], "uv_size": [1, 0.75]},
								"east": {"uv": [0, 29], "uv_size": [0.75, 0.75]},
								"south": {"uv": [8, 28], "uv_size": [1, 0.75]},
								"west": {"uv": [29, 2], "uv_size": [0.75, 0.75]},
								"up": {"uv": [28, 11], "uv_size": [1, 0.75]},
								"down": {"uv": [28, 13.75], "uv_size": [1, -0.75]}
							}
						},
						{
							"origin": [-0.4375, 9.94289, 3.6125],
							"size": [0.875, 0.39461, 0.95711],
							"uv": {
								"north": {"uv": [12, 29], "uv_size": [1, 0.5]},
								"east": {"uv": [14, 29], "uv_size": [1, 0.5]},
								"south": {"uv": [29, 24], "uv_size": [1, 0.5]},
								"west": {"uv": [25, 29], "uv_size": [1, 0.5]},
								"up": {"uv": [26, 11], "uv_size": [1, 1]},
								"down": {"uv": [16, 27], "uv_size": [1, -1]}
							}
						},
						{
							"origin": [-0.5625, 10.2125, -4.45],
							"size": [1.125, 0.625, 8.1875],
							"uv": {
								"north": {"uv": [11, 27], "uv_size": [1.25, 0.75]},
								"east": {"uv": [0, 15], "uv_size": [8.25, 0.75]},
								"south": {"uv": [27, 18], "uv_size": [1.25, 0.75]},
								"west": {"uv": [15, 0], "uv_size": [8.25, 0.75]},
								"up": {"uv": [0, 0], "uv_size": [1.25, 8.25]},
								"down": {"uv": [3, 8.25], "uv_size": [1.25, -8.25]}
							}
						},
						{
							"origin": [1.34987, 10.67513, -4.45],
							"size": [0.7955, 0.7955, 8.1875],
							"pivot": [1.91237, 8.53312, 5.8],
							"rotation": [0, 0, -45],
							"uv": {
								"north": {"uv": [29, 9], "uv_size": [0.75, 0.75]},
								"east": {"uv": [15, 2], "uv_size": [8.25, 0.75]},
								"south": {"uv": [10, 29], "uv_size": [0.75, 0.75]},
								"west": {"uv": [16, 4], "uv_size": [8.25, 0.75]},
								"up": {"uv": [10, 14], "uv_size": [0.75, 8.25]},
								"down": {"uv": [16, 14.25], "uv_size": [0.75, -8.25]}
							}
						},
						{
							"origin": [-0.625, 10.8375, -4.45],
							"size": [1.25, 0.8345, 7.92438],
							"inflate": 0.001,
							"uv": {
								"north": {"uv": [26, 27], "uv_size": [1.25, 0.75]},
								"east": {"uv": [16, 16], "uv_size": [8, 0.75]},
								"south": {"uv": [28, 0], "uv_size": [1.25, 0.75]},
								"west": {"uv": [0, 17], "uv_size": [8, 0.75]},
								"up": {"uv": [6, 0], "uv_size": [1.25, 8]},
								"down": {"uv": [9, 8], "uv_size": [1.25, -8]}
							}
						},
						{
							"origin": [-0.5, 9.8375, -4.1375],
							"size": [1, 0.3345, 2.61188],
							"uv": {
								"north": {"uv": [29, 28], "uv_size": [1, 0.25]},
								"east": {"uv": [21, 28], "uv_size": [2.5, 0.25]},
								"south": {"uv": [2, 30], "uv_size": [1, 0.25]},
								"west": {"uv": [28, 22], "uv_size": [2.5, 0.25]},
								"up": {"uv": [22, 18], "uv_size": [1, 2.5]},
								"down": {"uv": [19, 24.5], "uv_size": [1, -2.5]}
							}
						},
						{
							"origin": [-0.625, 10.01561, 2.89759],
							"size": [1.25, 0.875, 0.8125],
							"pivot": [0, 10.51561, 1.05384],
							"rotation": [17.5, 0, 0],
							"uv": {
								"north": {"uv": [8, 26], "uv_size": [1.25, 1]},
								"east": {"uv": [28, 15], "uv_size": [0.75, 1]},
								"south": {"uv": [26, 9], "uv_size": [1.25, 1]},
								"west": {"uv": [16, 28], "uv_size": [0.75, 1]},
								"up": {"uv": [28, 5], "uv_size": [1.25, 0.75]},
								"down": {"uv": [28, 7.75], "uv_size": [1.25, -0.75]}
							}
						}
					]
				}
			]
		}
	]
}