{
  "format_version": "1.12.0",
  "minecraft:geometry": [
    {
      "description": {
        "identifier": "minecraft:bed_foot#main",
        "texture_width": 64,
        "texture_height": 64
      },
      "bones": [
        {
          "name": "left_leg",
          "pivot": [
            0.0,
            24.0,
            0.0
          ],
          "rotation": [
            90.00000250447816,
            0.0,
            0.0
          ],
          "cubes": [
            {
              "origin": [
                0.0,
                15.0,
                -16.0
              ],
              "size": [
                3.0,
                3.0,
                3.0
              ],
              "inflate": 0.0,
              "uv": [
                50.0,
                0.0
              ],
              "mirror": false
            }
          ]
        },
        {
          "name": "right_leg",
          "pivot": [
            0.0,
            24.0,
            0.0
          ],
          "rotation": [
            90.00000250447816,
            0.0,
            270.00000068324533
          ],
          "cubes": [
            {
              "origin": [
                -16.0,
                15.0,
                -16.0
              ],
              "size": [
                3.0,
                3.0,
                3.0
              ],
              "inflate": 0.0,
              "uv": [
                50.0,
                12.0
              ],
              "mirror": false
            }
          ]
        },
        {
          "name": "main",
          "pivot": [
            0.0,
            24.0,
            0.0
          ],
          "rotation": [
            0.0,
            0.0,
            0.0
          ],
          "cubes": [
            {
              "origin": [
                0.0,
                8.0,
                0.0
              ],
              "size": [
                16.0,
                16.0,
                6.0
              ],
              "inflate": 0.0,
              "uv": [
                0.0,
                22.0
              ],
              "mirror": false
            }
          ]
        }
      ]
    }
  ]
}