{
  "format_version": "1.12.0",
  "minecraft:geometry": [
    {
      "description": {
        "identifier": "minecraft:book#main",
        "texture_width": 64,
        "texture_height": 32
      },
      "bones": [
        {
          "name": "right_pages",
          "pivot": [
            0.0,
            24.0,
            0.0
          ],
          "rotation": [
            0.0,
            0.0,
            0.0
          ],
          "cubes": [
            {
              "origin": [
                0.0,
                20.0,
                -0.01
              ],
              "size": [
                5.0,
                8.0,
                1.0
              ],
              "inflate": 0.0,
              "uv": [
                12.0,
                10.0
              ],
              "mirror": false
            }
          ]
        },
        {
          "name": "left_pages",
          "pivot": [
            0.0,
            24.0,
            0.0
          ],
          "rotation": [
            0.0,
            0.0,
            0.0
          ],
          "cubes": [
            {
              "origin": [
                0.0,
                20.0,
                -0.99
              ],
              "size": [
                5.0,
                8.0,
                1.0
              ],
              "inflate": 0.0,
              "uv": [
                0.0,
                10.0
              ],
              "mirror": false
            }
          ]
        },
        {
          "name": "right_lid",
          "pivot": [
            0.0,
            24.0,
            1.0
          ],
          "rotation": [
            0.0,
            0.0,
            0.0
          ],
          "cubes": [
            {
              "origin": [
                0.0,
                19.0,
                0.995
              ],
              "size": [
                6.0,
                10.0,
                0.005
              ],
              "inflate": 0.0,
              "uv": [
                16.0,
                0.0
              ],
              "mirror": false
            }
          ]
        },
        {
          "name": "flip_page2",
          "pivot": [
            0.0,
            24.0,
            0.0
          ],
          "rotation": [
            0.0,
            0.0,
            0.0
          ],
          "cubes": [
            {
              "origin": [
                0.0,
                20.0,
                0.0
              ],
              "size": [
                5.0,
                8.0,
                0.005
              ],
              "inflate": 0.0,
              "uv": [
                24.0,
                10.0
              ],
              "mirror": false
            }
          ]
        },
        {
          "name": "seam",
          "pivot": [
            0.0,
            24.0,
            0.0
          ],
          "rotation": [
            0.0,
            90.00000250447816,
            0.0
          ],
          "cubes": [
            {
              "origin": [
                -1.0,
                19.0,
                0.0
              ],
              "size": [
                2.0,
                10.0,
                0.005
              ],
              "inflate": 0.0,
              "uv": [
                12.0,
                0.0
              ],
              "mirror": false
            }
          ]
        },
        {
          "name": "flip_page1",
          "pivot": [
            0.0,
            24.0,
            0.0
          ],
          "rotation": [
            0.0,
            0.0,
            0.0
          ],
          "cubes": [
            {
              "origin": [
                0.0,
                20.0,
                0.0
              ],
              "size": [
                5.0,
                8.0,
                0.005
              ],
              "inflate": 0.0,
              "uv": [
                24.0,
                10.0
              ],
              "mirror": false
            }
          ]
        },
        {
          "name": "left_lid",
          "pivot": [
            0.0,
            24.0,
            -1.0
          ],
          "rotation": [
            0.0,
            0.0,
            0.0
          ],
          "cubes": [
            {
              "origin": [
                -6.0,
                19.0,
                -1.005
              ],
              "size": [
                6.0,
                10.0,
                0.005
              ],
              "inflate": 0.0,
              "uv": [
                0.0,
                0.0
              ],
              "mirror": false
            }
          ]
        }
      ]
    }
  ]
}