{
	"format_version": "1.12.0",
	"minecraft:geometry": [
		{
			"description": {
				"identifier": "geometry.unknown",
				"texture_width": 256,
				"texture_height": 256,
				"visible_bounds_width": 16,
				"visible_bounds_height": 9,
				"visible_bounds_offset": [0, 0.5, 0]
			},
			"bones": [
				{
					"name": "scope_body",
					"pivot": [0, 0, 0]
				},
				{
					"name": "hexadecagon3",
					"parent": "scope_body",
					"pivot": [0, 2.875, 3.9375],
					"cubes": [
						{
							"origin": [-0.18648, 2.375, 3],
							"size": [0.37296, 0.3125, 1.875],
							"inflate": -0.006,
							"pivot": [0, 2.875, 3.9375],
							"rotation": [0, 45, 0],
							"uv": {
								"north": {"uv": [145, 109], "uv_size": [0.5, 0.5]},
								"east": {"uv": [140, 63], "uv_size": [2, 0.5]},
								"south": {"uv": [145, 110], "uv_size": [0.5, 0.5]},
								"west": {"uv": [140, 64], "uv_size": [2, 0.5]},
								"up": {"uv": [140, 65], "uv_size": [0.5, 2]},
								"down": {"uv": [140, 75], "uv_size": [0.5, -2]}
							}
						},
						{
							"origin": [-0.18648, 2.375, 3],
							"size": [0.37296, 0.3125, 1.875],
							"inflate": -0.007,
							"pivot": [0, 2.875, 3.9375],
							"rotation": [0, 22.5, 0],
							"uv": {
								"north": {"uv": [145, 111], "uv_size": [0.5, 0.5]},
								"east": {"uv": [140, 67], "uv_size": [2, 0.5]},
								"south": {"uv": [145, 112], "uv_size": [0.5, 0.5]},
								"west": {"uv": [140, 75], "uv_size": [2, 0.5]},
								"up": {"uv": [140, 83], "uv_size": [0.5, 2]},
								"down": {"uv": [140, 87], "uv_size": [0.5, -2]}
							}
						},
						{
							"origin": [-0.18648, 2.375, 3],
							"size": [0.37296, 0.3125, 1.875],
							"inflate": 0.001,
							"uv": {
								"north": {"uv": [145, 113], "uv_size": [0.5, 0.5]},
								"east": {"uv": [140, 87], "uv_size": [2, 0.5]},
								"south": {"uv": [145, 114], "uv_size": [0.5, 0.5]},
								"west": {"uv": [140, 88], "uv_size": [2, 0.5]},
								"up": {"uv": [140, 90], "uv_size": [0.5, 2]},
								"down": {"uv": [140, 104], "uv_size": [0.5, -2]}
							}
						},
						{
							"origin": [-0.18648, 2.375, 3],
							"size": [0.37296, 0.3125, 1.875],
							"inflate": -0.001,
							"pivot": [0, 2.875, 3.9375],
							"rotation": [0, -22.5, 0],
							"uv": {
								"north": {"uv": [145, 115], "uv_size": [0.5, 0.5]},
								"east": {"uv": [140, 92], "uv_size": [2, 0.5]},
								"south": {"uv": [145, 116], "uv_size": [0.5, 0.5]},
								"west": {"uv": [140, 108], "uv_size": [2, 0.5]},
								"up": {"uv": [140, 112], "uv_size": [0.5, 2]},
								"down": {"uv": [140, 121], "uv_size": [0.5, -2]}
							}
						},
						{
							"origin": [-0.18648, 2.375, 3],
							"size": [0.37296, 0.3125, 1.875],
							"inflate": -0.002,
							"pivot": [0, 2.875, 3.9375],
							"rotation": [0, -45, 0],
							"uv": {
								"north": {"uv": [145, 117], "uv_size": [0.5, 0.5]},
								"east": {"uv": [140, 109], "uv_size": [2, 0.5]},
								"south": {"uv": [145, 118], "uv_size": [0.5, 0.5]},
								"west": {"uv": [140, 114], "uv_size": [2, 0.5]},
								"up": {"uv": [140, 121], "uv_size": [0.5, 2]},
								"down": {"uv": [141, 3], "uv_size": [0.5, -2]}
							}
						},
						{
							"origin": [-0.9375, 2.375, 3.75102],
							"size": [1.875, 0.3125, 0.37296],
							"inflate": -0.004,
							"pivot": [0, 2.875, 3.9375],
							"rotation": [0, 22.5, 0],
							"uv": {
								"north": {"uv": [140, 116], "uv_size": [2, 0.5]},
								"east": {"uv": [145, 119], "uv_size": [0.5, 0.5]},
								"south": {"uv": [140, 123], "uv_size": [2, 0.5]},
								"west": {"uv": [145, 120], "uv_size": [0.5, 0.5]},
								"up": {"uv": [141, 3], "uv_size": [2, 0.5]},
								"down": {"uv": [141, 4.5], "uv_size": [2, -0.5]}
							}
						},
						{
							"origin": [-0.9375, 2.375, 3.75102],
							"size": [1.875, 0.3125, 0.37296],
							"uv": {
								"north": {"uv": [141, 5], "uv_size": [2, 0.5]},
								"east": {"uv": [145, 121], "uv_size": [0.5, 0.5]},
								"south": {"uv": [141, 19], "uv_size": [2, 0.5]},
								"west": {"uv": [145, 122], "uv_size": [0.5, 0.5]},
								"up": {"uv": [141, 20], "uv_size": [2, 0.5]},
								"down": {"uv": [141, 21.5], "uv_size": [2, -0.5]}
							}
						},
						{
							"origin": [-0.9375, 2.375, 3.75102],
							"size": [1.875, 0.3125, 0.37296],
							"inflate": -0.004,
							"pivot": [0, 2.875, 3.9375],
							"rotation": [0, -22.5, 0],
							"uv": {
								"north": {"uv": [141, 22], "uv_size": [2, 0.5]},
								"east": {"uv": [145, 123], "uv_size": [0.5, 0.5]},
								"south": {"uv": [141, 36], "uv_size": [2, 0.5]},
								"west": {"uv": [145, 124], "uv_size": [0.5, 0.5]},
								"up": {"uv": [141, 37], "uv_size": [2, 0.5]},
								"down": {"uv": [141, 45.5], "uv_size": [2, -0.5]}
							}
						}
					]
				},
				{
					"name": "hexadecagon2",
					"parent": "scope_body",
					"pivot": [0, 2.875, 1.8125],
					"cubes": [
						{
							"origin": [-0.18648, 2.375, 0.875],
							"size": [0.37296, 0.375, 1.875],
							"inflate": -0.006,
							"pivot": [0, 2.875, 1.8125],
							"rotation": [0, 45, 0],
							"uv": {
								"north": {"uv": [146, 0], "uv_size": [0.5, 0.5]},
								"east": {"uv": [141, 46], "uv_size": [2, 0.5]},
								"south": {"uv": [146, 1], "uv_size": [0.5, 0.5]},
								"west": {"uv": [141, 48], "uv_size": [2, 0.5]},
								"up": {"uv": [141, 49], "uv_size": [0.5, 2]},
								"down": {"uv": [141, 57], "uv_size": [0.5, -2]}
							}
						},
						{
							"origin": [-0.18648, 2.375, 0.875],
							"size": [0.37296, 0.375, 1.875],
							"inflate": -0.004,
							"pivot": [0, 2.875, 1.8125],
							"rotation": [0, 22.5, 0],
							"uv": {
								"north": {"uv": [146, 2], "uv_size": [0.5, 0.5]},
								"east": {"uv": [141, 51], "uv_size": [2, 0.5]},
								"south": {"uv": [146, 3], "uv_size": [0.5, 0.5]},
								"west": {"uv": [141, 57], "uv_size": [2, 0.5]},
								"up": {"uv": [141, 65], "uv_size": [0.5, 2]},
								"down": {"uv": [141, 75], "uv_size": [0.5, -2]}
							}
						},
						{
							"origin": [-0.18648, 2.375, 0.875],
							"size": [0.37296, 0.375, 1.875],
							"inflate": -0.001,
							"uv": {
								"north": {"uv": [146, 4], "uv_size": [0.5, 0.5]},
								"east": {"uv": [141, 58], "uv_size": [2, 0.5]},
								"south": {"uv": [146, 5], "uv_size": [0.5, 0.5]},
								"west": {"uv": [141, 83], "uv_size": [2, 0.5]},
								"up": {"uv": [141, 84], "uv_size": [0.5, 2]},
								"down": {"uv": [141, 92], "uv_size": [0.5, -2]}
							}
						},
						{
							"origin": [-0.18648, 2.375, 0.875],
							"size": [0.37296, 0.375, 1.875],
							"inflate": -0.005,
							"pivot": [0, 2.875, 1.8125],
							"rotation": [0, -22.5, 0],
							"uv": {
								"north": {"uv": [146, 6], "uv_size": [0.5, 0.5]},
								"east": {"uv": [141, 86], "uv_size": [2, 0.5]},
								"south": {"uv": [146, 7], "uv_size": [0.5, 0.5]},
								"west": {"uv": [141, 95], "uv_size": [2, 0.5]},
								"up": {"uv": [141, 96], "uv_size": [0.5, 2]},
								"down": {"uv": [141, 104], "uv_size": [0.5, -2]}
							}
						},
						{
							"origin": [-0.18648, 2.375, 0.875],
							"size": [0.37296, 0.375, 1.875],
							"inflate": -0.002,
							"pivot": [0, 2.875, 1.8125],
							"rotation": [0, -45, 0],
							"uv": {
								"north": {"uv": [146, 8], "uv_size": [0.5, 0.5]},
								"east": {"uv": [141, 112], "uv_size": [2, 0.5]},
								"south": {"uv": [146, 9], "uv_size": [0.5, 0.5]},
								"west": {"uv": [141, 113], "uv_size": [2, 0.5]},
								"up": {"uv": [141, 119], "uv_size": [0.5, 2]},
								"down": {"uv": [141, 123], "uv_size": [0.5, -2]}
							}
						},
						{
							"origin": [-0.9375, 2.375, 1.62602],
							"size": [1.875, 0.375, 0.37296],
							"inflate": -0.008,
							"pivot": [0, 2.875, 1.8125],
							"rotation": [0, 22.5, 0],
							"uv": {
								"north": {"uv": [141, 115], "uv_size": [2, 0.5]},
								"east": {"uv": [146, 10], "uv_size": [0.5, 0.5]},
								"south": {"uv": [142, 1], "uv_size": [2, 0.5]},
								"west": {"uv": [146, 11], "uv_size": [0.5, 0.5]},
								"up": {"uv": [142, 2], "uv_size": [2, 0.5]},
								"down": {"uv": [142, 6.5], "uv_size": [2, -0.5]}
							}
						},
						{
							"origin": [-0.9375, 2.375, 1.62602],
							"size": [1.875, 0.375, 0.37296],
							"uv": {
								"north": {"uv": [142, 7], "uv_size": [2, 0.5]},
								"east": {"uv": [146, 12], "uv_size": [0.5, 0.5]},
								"south": {"uv": [142, 8], "uv_size": [2, 0.5]},
								"west": {"uv": [146, 13], "uv_size": [0.5, 0.5]},
								"up": {"uv": [142, 11], "uv_size": [2, 0.5]},
								"down": {"uv": [142, 12.5], "uv_size": [2, -0.5]}
							}
						},
						{
							"origin": [-0.9375, 2.375, 1.62602],
							"size": [1.875, 0.375, 0.37296],
							"inflate": -0.003,
							"pivot": [0, 2.875, 1.8125],
							"rotation": [0, -22.5, 0],
							"uv": {
								"north": {"uv": [142, 13], "uv_size": [2, 0.5]},
								"east": {"uv": [146, 14], "uv_size": [0.5, 0.5]},
								"south": {"uv": [142, 14], "uv_size": [2, 0.5]},
								"west": {"uv": [146, 15], "uv_size": [0.5, 0.5]},
								"up": {"uv": [142, 15], "uv_size": [2, 0.5]},
								"down": {"uv": [142, 16.5], "uv_size": [2, -0.5]}
							}
						}
					]
				},
				{
					"name": "hexadecagon",
					"parent": "scope_body",
					"pivot": [0, 1.5, -6.5625],
					"cubes": [
						{
							"origin": [-0.12432, 0.875, -7.0625],
							"size": [0.24864, 1.25, 0.0625],
							"pivot": [0, 1.5, -6.5625],
							"rotation": [0, 0, -45],
							"uv": {
								"north": {"uv": [143, 105], "uv_size": [0.5, 1.5]},
								"east": {"uv": [143, 107], "uv_size": [0.5, 1.5]},
								"south": {"uv": [143, 109], "uv_size": [0.5, 1.5]},
								"west": {"uv": [143, 111], "uv_size": [0.5, 1.5]},
								"up": {"uv": [146, 47], "uv_size": [0.5, 0.5]},
								"down": {"uv": [146, 48.5], "uv_size": [0.5, -0.5]}
							}
						},
						{
							"origin": [-0.12432, 0.875, -7.0625],
							"size": [0.24864, 1.25, 0.0625],
							"inflate": -0.001,
							"pivot": [0, 1.5, -6.5625],
							"rotation": [0, 0, -22.5],
							"uv": {
								"north": {"uv": [143, 117], "uv_size": [0.5, 1.5]},
								"east": {"uv": [143, 119], "uv_size": [0.5, 1.5]},
								"south": {"uv": [143, 121], "uv_size": [0.5, 1.5]},
								"west": {"uv": [144, 1], "uv_size": [0.5, 1.5]},
								"up": {"uv": [146, 49], "uv_size": [0.5, 0.5]},
								"down": {"uv": [146, 50.5], "uv_size": [0.5, -0.5]}
							}
						},
						{
							"origin": [-0.12432, 0.875, -7.0625],
							"size": [0.24864, 1.25, 0.0625],
							"inflate": -0.002,
							"uv": {
								"north": {"uv": [144, 4], "uv_size": [0.5, 1.5]},
								"east": {"uv": [144, 6], "uv_size": [0.5, 1.5]},
								"south": {"uv": [144, 8], "uv_size": [0.5, 1.5]},
								"west": {"uv": [144, 10], "uv_size": [0.5, 1.5]},
								"up": {"uv": [146, 51], "uv_size": [0.5, 0.5]},
								"down": {"uv": [146, 52.5], "uv_size": [0.5, -0.5]}
							}
						},
						{
							"origin": [-0.12432, 0.875, -7.0625],
							"size": [0.24864, 1.25, 0.0625],
							"inflate": -0.006,
							"pivot": [0, 1.5, -6.5625],
							"rotation": [0, 0, 22.5],
							"uv": {
								"north": {"uv": [144, 12], "uv_size": [0.5, 1.5]},
								"east": {"uv": [144, 14], "uv_size": [0.5, 1.5]},
								"south": {"uv": [144, 16], "uv_size": [0.5, 1.5]},
								"west": {"uv": [144, 21], "uv_size": [0.5, 1.5]},
								"up": {"uv": [146, 53], "uv_size": [0.5, 0.5]},
								"down": {"uv": [146, 54.5], "uv_size": [0.5, -0.5]}
							}
						},
						{
							"origin": [-0.12432, 0.875, -7.0625],
							"size": [0.24864, 1.25, 0.0625],
							"inflate": -0.004,
							"pivot": [0, 1.5, -6.5625],
							"rotation": [0, 0, 45],
							"uv": {
								"north": {"uv": [144, 25], "uv_size": [0.5, 1.5]},
								"east": {"uv": [144, 27], "uv_size": [0.5, 1.5]},
								"south": {"uv": [144, 29], "uv_size": [0.5, 1.5]},
								"west": {"uv": [144, 33], "uv_size": [0.5, 1.5]},
								"up": {"uv": [146, 55], "uv_size": [0.5, 0.5]},
								"down": {"uv": [146, 56.5], "uv_size": [0.5, -0.5]}
							}
						},
						{
							"origin": [-0.625, 1.37568, -7.0625],
							"size": [1.25, 0.24864, 0.0625],
							"inflate": -0.003,
							"pivot": [0, 1.5, -6.5625],
							"rotation": [0, 0, -22.5],
							"uv": {
								"north": {"uv": [143, 113], "uv_size": [1.5, 0.5]},
								"east": {"uv": [146, 57], "uv_size": [0.5, 0.5]},
								"south": {"uv": [143, 115], "uv_size": [1.5, 0.5]},
								"west": {"uv": [146, 58], "uv_size": [0.5, 0.5]},
								"up": {"uv": [144, 18], "uv_size": [1.5, 0.5]},
								"down": {"uv": [144, 23.5], "uv_size": [1.5, -0.5]}
							}
						},
						{
							"origin": [-0.625, 1.37568, -7.0625],
							"size": [1.25, 0.24864, 0.0625],
							"inflate": -0.002,
							"uv": {
								"north": {"uv": [144, 35], "uv_size": [1.5, 0.5]},
								"east": {"uv": [146, 59], "uv_size": [0.5, 0.5]},
								"south": {"uv": [144, 36], "uv_size": [1.5, 0.5]},
								"west": {"uv": [146, 60], "uv_size": [0.5, 0.5]},
								"up": {"uv": [144, 37], "uv_size": [1.5, 0.5]},
								"down": {"uv": [144, 38.5], "uv_size": [1.5, -0.5]}
							}
						},
						{
							"origin": [-0.625, 1.37568, -7.0625],
							"size": [1.25, 0.24864, 0.0625],
							"inflate": -0.001,
							"pivot": [0, 1.5, -6.5625],
							"rotation": [0, 0, 22.5],
							"uv": {
								"north": {"uv": [144, 39], "uv_size": [1.5, 0.5]},
								"east": {"uv": [146, 61], "uv_size": [0.5, 0.5]},
								"south": {"uv": [144, 40], "uv_size": [1.5, 0.5]},
								"west": {"uv": [146, 62], "uv_size": [0.5, 0.5]},
								"up": {"uv": [144, 41], "uv_size": [1.5, 0.5]},
								"down": {"uv": [144, 42.5], "uv_size": [1.5, -0.5]}
							}
						}
					]
				},
				{
					"name": "bone6",
					"parent": "scope_body",
					"pivot": [0.125, 0.94345, 4.16935],
					"cubes": [
						{
							"origin": [0.67969, 0.39453, -2.1875],
							"size": [0.32031, 0.25, 5.75],
							"inflate": -0.001,
							"pivot": [1, 0.39453, -0.46875],
							"rotation": [0, 0, -40],
							"uv": {
								"north": {"uv": [146.5, 85], "uv_size": [-0.5, 0.5]},
								"east": {"uv": [143, 118], "uv_size": [-6, 0.5]},
								"south": {"uv": [146.5, 86], "uv_size": [-0.5, 0.5]},
								"west": {"uv": [143, 117], "uv_size": [-6, 0.5]},
								"up": {"uv": [137.5, 119], "uv_size": [-0.5, 6]},
								"down": {"uv": [138.5, 78], "uv_size": [-0.5, -6]}
							}
						},
						{
							"origin": [-1, 1.14844, 1.09375],
							"size": [2, 0.35156, 0.15625],
							"inflate": -0.001,
							"pivot": [0.125, 1.5, 1.25],
							"rotation": [57.5, 0, 0],
							"uv": {
								"north": {"uv": [142, 60], "uv_size": [2, 0.5]},
								"east": {"uv": [146, 77], "uv_size": [0.5, 0.5]},
								"south": {"uv": [142, 61], "uv_size": [2, 0.5]},
								"west": {"uv": [146, 78], "uv_size": [0.5, 0.5]},
								"up": {"uv": [142, 62], "uv_size": [2, 0.5]},
								"down": {"uv": [142, 63.5], "uv_size": [2, -0.5]}
							}
						},
						{
							"origin": [0.84375, 1.21415, 1.14825],
							"size": [0.15625, 0.375, 0.25],
							"pivot": [1, 1.40555, 1.39825],
							"rotation": [63.98651, 20.20435, 35.28664],
							"uv": {
								"north": {"uv": [146, 79], "uv_size": [0.5, 0.5]},
								"east": {"uv": [146, 80], "uv_size": [0.5, 0.5]},
								"south": {"uv": [146, 81], "uv_size": [0.5, 0.5]},
								"west": {"uv": [146, 82], "uv_size": [0.5, 0.5]},
								"up": {"uv": [146, 83], "uv_size": [0.5, 0.5]},
								"down": {"uv": [146, 84.5], "uv_size": [0.5, -0.5]}
							}
						},
						{
							"origin": [-1, 0.39453, 1.25],
							"size": [2, 0.91797, 2.32031],
							"uv": {
								"north": {"uv": [138, 120], "uv_size": [2, 1]},
								"east": {"uv": [138, 96], "uv_size": [2.5, 1]},
								"south": {"uv": [138, 121], "uv_size": [2, 1]},
								"west": {"uv": [138, 97], "uv_size": [2.5, 1]},
								"up": {"uv": [137, 25], "uv_size": [2, 2.5]},
								"down": {"uv": [137, 30.5], "uv_size": [2, -2.5]}
							}
						},
						{
							"origin": [-1, 0.83203, 3.57031],
							"size": [2, 0.48047, 0.41016],
							"uv": {
								"north": {"uv": [142, 54], "uv_size": [2, 0.5]},
								"east": {"uv": [146, 67], "uv_size": [0.5, 0.5]},
								"south": {"uv": [142, 55], "uv_size": [2, 0.5]},
								"west": {"uv": [146, 68], "uv_size": [0.5, 0.5]},
								"up": {"uv": [142, 56], "uv_size": [2, 0.5]},
								"down": {"uv": [142, 59.5], "uv_size": [2, -0.5]}
							}
						},
						{
							"origin": [0.8125, 1.17578, 1.55078],
							"size": [0.1875, 0.13672, 2.42969],
							"pivot": [1, 1.3125, 3.77539],
							"rotation": [0, 0, 40],
							"uv": {
								"north": {"uv": [146, 75], "uv_size": [0.5, 0.5]},
								"east": {"uv": [139, 76], "uv_size": [2.5, 0.5]},
								"south": {"uv": [146, 76], "uv_size": [0.5, 0.5]},
								"west": {"uv": [139, 77], "uv_size": [2.5, 0.5]},
								"up": {"uv": [139, 86], "uv_size": [0.5, 2.5]},
								"down": {"uv": [139, 92.5], "uv_size": [0.5, -2.5]}
							}
						},
						{
							"origin": [-1, 0.39453, 3.24609],
							"size": [2, 0.8125, 0.32422],
							"inflate": -0.002,
							"pivot": [0.125, 0.39453, 3.57031],
							"rotation": [-47.5, 0, 0],
							"uv": {
								"north": {"uv": [138, 122], "uv_size": [2, 1]},
								"east": {"uv": [144, 110], "uv_size": [0.5, 1]},
								"south": {"uv": [138, 123], "uv_size": [2, 1]},
								"west": {"uv": [144, 111], "uv_size": [0.5, 1]},
								"up": {"uv": [142, 42], "uv_size": [2, 0.5]},
								"down": {"uv": [142, 47.5], "uv_size": [2, -0.5]}
							}
						},
						{
							"origin": [-1, 0.69345, 3.75529],
							"size": [2, 0.25, 0.41406],
							"inflate": -0.003,
							"pivot": [0.125, 0.94345, 4.16935],
							"rotation": [-63, 0, 0],
							"uv": {
								"north": {"uv": [142, 49], "uv_size": [2, 0.5]},
								"east": {"uv": [146, 65], "uv_size": [0.5, 0.5]},
								"south": {"uv": [142, 50], "uv_size": [2, 0.5]},
								"west": {"uv": [146, 66], "uv_size": [0.5, 0.5]},
								"up": {"uv": [142, 52], "uv_size": [2, 0.5]},
								"down": {"uv": [142, 53.5], "uv_size": [2, -0.5]}
							}
						},
						{
							"origin": [-1, 0.39453, -2.1875],
							"size": [2, 1.10547, 3.4375],
							"uv": {
								"north": {"uv": [138, 116], "uv_size": [2, 1]},
								"east": {"uv": [137, 45], "uv_size": [3.5, 1]},
								"south": {"uv": [138, 119], "uv_size": [2, 1]},
								"west": {"uv": [137, 46], "uv_size": [3.5, 1]},
								"up": {"uv": [137, 4], "uv_size": [2, 3.5]},
								"down": {"uv": [137, 11.5], "uv_size": [2, -3.5]}
							}
						},
						{
							"origin": [-1.0625, 0.64453, -1.6875],
							"size": [2.125, 0.54297, 4.6875],
							"uv": {
								"north": {"uv": [142, 64], "uv_size": [2, 0.5]},
								"east": {"uv": [138, 106], "uv_size": [4.5, 0.5]},
								"south": {"uv": [142, 65], "uv_size": [2, 0.5]},
								"west": {"uv": [138, 107], "uv_size": [4.5, 0.5]},
								"up": {"uv": [136, 77], "uv_size": [2, 4.5]},
								"down": {"uv": [136, 86.5], "uv_size": [2, -4.5]}
							}
						},
						{
							"origin": [-1.09375, 0.80469, -1.4375],
							"size": [2.1875, 0.2, 0.2],
							"pivot": [0, 0.90469, -1.3375],
							"rotation": [-45, 0, 0],
							"uv": {
								"north": {"uv": [142, 66], "uv_size": [2, 0.5]},
								"east": {"uv": [147, 19], "uv_size": [0.5, 0.5]},
								"south": {"uv": [142, 67], "uv_size": [2, 0.5]},
								"west": {"uv": [147, 20], "uv_size": [0.5, 0.5]},
								"up": {"uv": [142, 68], "uv_size": [2, 0.5]},
								"down": {"uv": [142, 72.5], "uv_size": [2, -0.5]}
							}
						},
						{
							"origin": [-1.09375, 0.80469, 2.5625],
							"size": [2.1875, 0.2, 0.2],
							"pivot": [0, 0.90469, 2.6625],
							"rotation": [-45, 0, 0],
							"uv": {
								"north": {"uv": [142, 73], "uv_size": [2, 0.5]},
								"east": {"uv": [147, 21], "uv_size": [0.5, 0.5]},
								"south": {"uv": [142, 74], "uv_size": [2, 0.5]},
								"west": {"uv": [147, 22], "uv_size": [0.5, 0.5]},
								"up": {"uv": [142, 75], "uv_size": [2, 0.5]},
								"down": {"uv": [142, 76.5], "uv_size": [2, -0.5]}
							}
						},
						{
							"origin": [0.83984, 1.42578, -2.1875],
							"size": [0.16016, 0.07422, 3.43359],
							"pivot": [1, 1.5, -0.46875],
							"rotation": [0, 0, 40],
							"uv": {
								"north": {"uv": [146, 73], "uv_size": [0.5, 0.5]},
								"east": {"uv": [138, 124], "uv_size": [3.5, 0.5]},
								"south": {"uv": [146, 74], "uv_size": [0.5, 0.5]},
								"west": {"uv": [139, 0], "uv_size": [3.5, 0.5]},
								"up": {"uv": [139, 1], "uv_size": [0.5, 3.5]},
								"down": {"uv": [139, 8.5], "uv_size": [0.5, -3.5]}
							}
						},
						{
							"origin": [-1, 1.42578, -2.1875],
							"size": [0.16016, 0.07422, 3.43359],
							"pivot": [-1, 1.5, -0.46875],
							"rotation": [0, 0, -40],
							"uv": {
								"north": {"uv": [146, 95], "uv_size": [0.5, 0.5]},
								"east": {"uv": [139, 9], "uv_size": [3.5, 0.5]},
								"south": {"uv": [146, 96], "uv_size": [0.5, 0.5]},
								"west": {"uv": [139, 10], "uv_size": [3.5, 0.5]},
								"up": {"uv": [139, 11], "uv_size": [0.5, 3.5]},
								"down": {"uv": [139, 18.5], "uv_size": [0.5, -3.5]}
							}
						},
						{
							"origin": [-1, 1.21415, 1.14825],
							"size": [0.15625, 0.375, 0.25],
							"pivot": [-1, 1.40555, 1.39825],
							"rotation": [63.98651, -20.20435, -35.28664],
							"uv": {
								"north": {"uv": [146, 89], "uv_size": [0.5, 0.5]},
								"east": {"uv": [146, 90], "uv_size": [0.5, 0.5]},
								"south": {"uv": [146, 91], "uv_size": [0.5, 0.5]},
								"west": {"uv": [146, 92], "uv_size": [0.5, 0.5]},
								"up": {"uv": [146, 93], "uv_size": [0.5, 0.5]},
								"down": {"uv": [146, 94.5], "uv_size": [0.5, -0.5]}
							}
						},
						{
							"origin": [-1, 1.17578, 1.55078],
							"size": [0.1875, 0.13672, 2.42969],
							"pivot": [-1, 1.3125, 3.77539],
							"rotation": [0, 0, -40],
							"uv": {
								"north": {"uv": [146, 87], "uv_size": [0.5, 0.5]},
								"east": {"uv": [139, 93], "uv_size": [2.5, 0.5]},
								"south": {"uv": [146, 88], "uv_size": [0.5, 0.5]},
								"west": {"uv": [139, 94], "uv_size": [2.5, 0.5]},
								"up": {"uv": [139, 112], "uv_size": [0.5, 2.5]},
								"down": {"uv": [140, 3.5], "uv_size": [0.5, -2.5]}
							}
						},
						{
							"origin": [-1, 0.39453, -2.1875],
							"size": [0.32031, 0.25, 5.75],
							"inflate": -0.001,
							"pivot": [-1, 0.39453, -0.46875],
							"rotation": [0, 0, 40],
							"uv": {
								"north": {"uv": [146, 85], "uv_size": [0.5, 0.5]},
								"east": {"uv": [137, 117], "uv_size": [6, 0.5]},
								"south": {"uv": [146, 86], "uv_size": [0.5, 0.5]},
								"west": {"uv": [137, 118], "uv_size": [6, 0.5]},
								"up": {"uv": [137, 119], "uv_size": [0.5, 6]},
								"down": {"uv": [138, 78], "uv_size": [0.5, -6]}
							}
						}
					]
				},
				{
					"name": "group9",
					"parent": "scope_body",
					"pivot": [-0.16096, -1.44396, 10.875],
					"cubes": [
						{
							"origin": [-0.625, -0.1125, -2.4125],
							"size": [1.25, 0.375, 6.125],
							"inflate": -0.002,
							"uv": {
								"north": {"uv": [144, 43], "uv_size": [1.5, 0.5]},
								"east": {"uv": [138, 78], "uv_size": [6, 0.5]},
								"south": {"uv": [144, 44], "uv_size": [1.5, 0.5]},
								"west": {"uv": [138, 79], "uv_size": [6, 0.5]},
								"up": {"uv": [136, 87], "uv_size": [1.5, 6]},
								"down": {"uv": [136, 99], "uv_size": [1.5, -6]}
							}
						},
						{
							"origin": [-0.6875, -0.1125, -2.2875],
							"size": [1.375, 0.1875, 0.625],
							"uv": {
								"north": {"uv": [144, 47], "uv_size": [1.5, 0.5]},
								"east": {"uv": [146, 108], "uv_size": [0.5, 0.5]},
								"south": {"uv": [144, 49], "uv_size": [1.5, 0.5]},
								"west": {"uv": [146, 109], "uv_size": [0.5, 0.5]},
								"up": {"uv": [144, 50], "uv_size": [1.5, 0.5]},
								"down": {"uv": [144, 52.5], "uv_size": [1.5, -0.5]}
							}
						},
						{
							"origin": [0.625, -0.3625, -2.2875],
							"size": [0.0625, 0.25, 0.8125],
							"uv": {
								"north": {"uv": [146, 110], "uv_size": [0.5, 0.5]},
								"east": {"uv": [144, 116], "uv_size": [1, 0.5]},
								"south": {"uv": [146, 111], "uv_size": [0.5, 0.5]},
								"west": {"uv": [144, 117], "uv_size": [1, 0.5]},
								"up": {"uv": [144, 118], "uv_size": [0.5, 1]},
								"down": {"uv": [144, 120], "uv_size": [0.5, -1]}
							}
						},
						{
							"origin": [-0.6875, -0.3625, -2.2875],
							"size": [0.0625, 0.25, 0.8125],
							"uv": {
								"north": {"uv": [146, 112], "uv_size": [0.5, 0.5]},
								"east": {"uv": [144, 120], "uv_size": [1, 0.5]},
								"south": {"uv": [146, 113], "uv_size": [0.5, 0.5]},
								"west": {"uv": [144, 121], "uv_size": [1, 0.5]},
								"up": {"uv": [144, 122], "uv_size": [0.5, 1]},
								"down": {"uv": [144, 124], "uv_size": [0.5, -1]}
							}
						},
						{
							"origin": [-0.6875, -0.1125, 2.4125],
							"size": [1.375, 0.1875, 0.625],
							"uv": {
								"north": {"uv": [144, 53], "uv_size": [1.5, 0.5]},
								"east": {"uv": [146, 118], "uv_size": [0.5, 0.5]},
								"south": {"uv": [144, 54], "uv_size": [1.5, 0.5]},
								"west": {"uv": [146, 119], "uv_size": [0.5, 0.5]},
								"up": {"uv": [144, 55], "uv_size": [1.5, 0.5]},
								"down": {"uv": [144, 56.5], "uv_size": [1.5, -0.5]}
							}
						},
						{
							"origin": [0.625, -0.3625, 2.4125],
							"size": [0.0625, 0.25, 0.8125],
							"uv": {
								"north": {"uv": [146, 116], "uv_size": [0.5, 0.5]},
								"east": {"uv": [145, 3], "uv_size": [1, 0.5]},
								"south": {"uv": [146, 117], "uv_size": [0.5, 0.5]},
								"west": {"uv": [145, 4], "uv_size": [1, 0.5]},
								"up": {"uv": [145, 5], "uv_size": [0.5, 1]},
								"down": {"uv": [145, 7], "uv_size": [0.5, -1]}
							}
						},
						{
							"origin": [-0.6875, -0.3625, 2.4125],
							"size": [0.0625, 0.25, 0.8125],
							"uv": {
								"north": {"uv": [146, 114], "uv_size": [0.5, 0.5]},
								"east": {"uv": [144, 124], "uv_size": [1, 0.5]},
								"south": {"uv": [146, 115], "uv_size": [0.5, 0.5]},
								"west": {"uv": [145, 0], "uv_size": [1, 0.5]},
								"up": {"uv": [145, 1], "uv_size": [0.5, 1]},
								"down": {"uv": [145, 3], "uv_size": [0.5, -1]}
							}
						},
						{
							"origin": [0.41096, -0.16271, -2.4125],
							"size": [0.1875, 0.17678, 6.125],
							"pivot": [0.03596, -0.06896, 0.2125],
							"rotation": [0, 0, -45],
							"uv": {
								"north": {"uv": [146, 97], "uv_size": [0.5, 0.5]},
								"south": {"uv": [146, 98], "uv_size": [0.5, 0.5]},
								"west": {"uv": [138, 80], "uv_size": [6, 0.5]}
							}
						},
						{
							"origin": [-0.59846, -0.16271, -2.4125],
							"size": [0.1875, 0.17678, 6.125],
							"pivot": [-0.03596, -0.06896, 0.2125],
							"rotation": [0, 0, 45],
							"uv": {
								"north": {"uv": [146, 102], "uv_size": [0.5, 0.5]},
								"east": {"uv": [138, 81], "uv_size": [6, 0.5]},
								"south": {"uv": [146, 103], "uv_size": [0.5, 0.5]}
							}
						},
						{
							"origin": [0.32322, -0.2375, -2.4125],
							"size": [0.25, 0.25, 6.125],
							"inflate": -0.001,
							"pivot": [0.44822, -0.1125, 3.9625],
							"rotation": [0, 0, 45],
							"uv": {
								"north": {"uv": [146, 104], "uv_size": [0.5, 0.5]},
								"south": {"uv": [146, 105], "uv_size": [0.5, 0.5]},
								"west": {"uv": [138, 82], "uv_size": [6, 0.5]},
								"down": {"uv": [138, 89], "uv_size": [0.5, -6]}
							}
						},
						{
							"origin": [-0.57322, -0.2375, -2.4125],
							"size": [0.25, 0.25, 6.125],
							"inflate": -0.001,
							"pivot": [-0.44822, -0.1125, 3.9625],
							"rotation": [0, 0, -45],
							"uv": {
								"north": {"uv": [146, 106], "uv_size": [0.5, 0.5]},
								"east": {"uv": [138, 89], "uv_size": [6, 0.5]},
								"south": {"uv": [146, 107], "uv_size": [0.5, 0.5]},
								"down": {"uv": [138, 96], "uv_size": [0.5, -6]}
							}
						},
						{
							"origin": [-0.375, 0.2625, 0.5875],
							"size": [0.75, 0.375, 3.125],
							"uv": {
								"north": {"uv": [144, 112], "uv_size": [1, 0.5]},
								"east": {"uv": [139, 34], "uv_size": [3, 0.5]},
								"south": {"uv": [144, 114], "uv_size": [1, 0.5]},
								"west": {"uv": [139, 35], "uv_size": [3, 0.5]}
							}
						}
					]
				},
				{
					"name": "bone",
					"parent": "scope_body",
					"pivot": [0, 2.1875, 5],
					"cubes": [
						{
							"origin": [-0.875, 0.8125, -7],
							"size": [1.75, 0.9375, 14.375],
							"uv": {
								"north": {"uv": [138, 108], "uv_size": [2, 1]},
								"east": {"uv": [135, 70], "uv_size": [14.5, 1]},
								"south": {"uv": [138, 109], "uv_size": [2, 1]},
								"west": {"uv": [135, 71], "uv_size": [14.5, 1]},
								"up": {"uv": [135, 0], "uv_size": [2, 14.5]},
								"down": {"uv": [135, 29.5], "uv_size": [2, -14.5]}
							}
						},
						{
							"origin": [-0.58984, 1.74219, -7],
							"size": [1.21484, 0.13281, 14.375],
							"uv": {
								"north": {"uv": [145, 20], "uv_size": [1, 0.5]},
								"east": {"uv": [136, 99], "uv_size": [14.5, 0.5]},
								"south": {"uv": [145, 21], "uv_size": [1, 0.5]},
								"west": {"uv": [136, 100], "uv_size": [14.5, 0.5]},
								"up": {"uv": [135, 72], "uv_size": [1, 14.5]},
								"down": {"uv": [135, 101.5], "uv_size": [1, -14.5]}
							}
						},
						{
							"origin": [-0.5625, 1.75, 5],
							"size": [1.125, 0.625, 2.125],
							"inflate": -0.001,
							"uv": {
								"north": {"uv": [144, 85], "uv_size": [1, 0.5]},
								"east": {"uv": [140, 28], "uv_size": [2, 0.5]},
								"south": {"uv": [144, 87], "uv_size": [1, 0.5]},
								"west": {"uv": [140, 29], "uv_size": [2, 0.5]},
								"up": {"uv": [138, 112], "uv_size": [1, 2]},
								"down": {"uv": [138, 116], "uv_size": [1, -2]}
							}
						},
						{
							"origin": [-0.625, 2.04688, 5],
							"size": [1.25, 0.61719, 0.60156],
							"uv": {
								"north": {"uv": [143, 45], "uv_size": [1.5, 0.5]},
								"east": {"uv": [145, 105], "uv_size": [0.5, 0.5]},
								"south": {"uv": [143, 46], "uv_size": [1.5, 0.5]},
								"west": {"uv": [145, 106], "uv_size": [0.5, 0.5]},
								"up": {"uv": [143, 48], "uv_size": [1.5, 0.5]},
								"down": {"uv": [143, 51.5], "uv_size": [1.5, -0.5]}
							}
						},
						{
							"origin": [-0.875, 0.49609, -2.875],
							"size": [1.75, 0.32031, 7.10547],
							"uv": {
								"north": {"uv": [140, 18], "uv_size": [2, 0.5]},
								"east": {"uv": [137, 43], "uv_size": [7, 0.5]},
								"south": {"uv": [140, 25], "uv_size": [2, 0.5]},
								"west": {"uv": [137, 44], "uv_size": [7, 0.5]},
								"up": {"uv": [135, 102], "uv_size": [2, 7]},
								"down": {"uv": [135, 116], "uv_size": [2, -7]}
							}
						},
						{
							"origin": [-0.875, 0.49609, -2.875],
							"size": [1.75, 1.25, 0.3125],
							"inflate": -0.001,
							"pivot": [0, 0.49609, -2.875],
							"rotation": [75.25, 0, 0],
							"uv": {
								"north": {"uv": [137, 59], "uv_size": [2, 1.5]},
								"east": {"uv": [142, 119], "uv_size": [0.5, 1.5]},
								"south": {"uv": [137, 61], "uv_size": [2, 1.5]},
								"west": {"uv": [142, 121], "uv_size": [0.5, 1.5]},
								"up": {"uv": [140, 26], "uv_size": [2, 0.5]},
								"down": {"uv": [140, 27.5], "uv_size": [2, -0.5]}
							}
						},
						{
							"origin": [-0.875, 0.8125, 4.1875],
							"size": [1.75, 0.35547, 1.25],
							"inflate": -0.001,
							"pivot": [0, 0.8125, 5.4375],
							"rotation": [15, 0, 0],
							"uv": {
								"north": {"uv": [140, 16], "uv_size": [2, 0.5]},
								"east": {"uv": [142, 114], "uv_size": [1.5, 0.5]},
								"south": {"uv": [140, 17], "uv_size": [2, 0.5]},
								"west": {"uv": [142, 116], "uv_size": [1.5, 0.5]},
								"up": {"uv": [137, 55], "uv_size": [2, 1.5]},
								"down": {"uv": [137, 58.5], "uv_size": [2, -1.5]}
							}
						},
						{
							"origin": [0.78906, 0.8125, -7],
							"size": [0.08594, 0.45313, 0.25],
							"inflate": -0.001,
							"pivot": [0, 0.8125, -7],
							"rotation": [55, 0, 0],
							"uv": {
								"north": {"uv": [145, 26], "uv_size": [0.5, 0.5]},
								"east": {"uv": [145, 27], "uv_size": [0.5, 0.5]},
								"south": {"uv": [145, 28], "uv_size": [0.5, 0.5]},
								"west": {"uv": [145, 29], "uv_size": [0.5, 0.5]},
								"up": {"uv": [145, 30], "uv_size": [0.5, 0.5]},
								"down": {"uv": [145, 31.5], "uv_size": [0.5, -0.5]}
							}
						},
						{
							"origin": [-0.875, 0.8125, -7],
							"size": [0.08594, 0.45313, 0.25],
							"inflate": -0.001,
							"pivot": [0, 0.8125, -7],
							"rotation": [55, 0, 0],
							"uv": {
								"north": {"uv": [145.5, 26], "uv_size": [-0.5, 0.5]},
								"east": {"uv": [145.5, 29], "uv_size": [-0.5, 0.5]},
								"south": {"uv": [145.5, 28], "uv_size": [-0.5, 0.5]},
								"west": {"uv": [145.5, 27], "uv_size": [-0.5, 0.5]},
								"up": {"uv": [145.5, 30], "uv_size": [-0.5, 0.5]},
								"down": {"uv": [145.5, 31.5], "uv_size": [-0.5, -0.5]}
							}
						},
						{
							"origin": [0.78906, 1.07422, -7.375],
							"size": [0.08594, 0.91016, 0.375],
							"uv": {
								"north": {"uv": [144, 80], "uv_size": [0.5, 1]},
								"east": {"uv": [144, 81], "uv_size": [0.5, 1]},
								"south": {"uv": [144, 82], "uv_size": [0.5, 1]},
								"west": {"uv": [144, 84], "uv_size": [0.5, 1]},
								"up": {"uv": [145, 34], "uv_size": [0.5, 0.5]},
								"down": {"uv": [145, 45.5], "uv_size": [0.5, -0.5]}
							}
						},
						{
							"origin": [0.7891, 1.98438, -7.375],
							"size": [0.0859, 0.41016, 0.375],
							"inflate": -0.001,
							"pivot": [0.875, 1.98438, -7.1875],
							"rotation": [0, 0, -37],
							"uv": {
								"north": {"uv": [146.5, 33], "uv_size": [-0.5, 0.5]},
								"east": {"uv": [146.5, 36], "uv_size": [-0.5, 0.5]},
								"south": {"uv": [146.5, 35], "uv_size": [-0.5, 0.5]},
								"west": {"uv": [146.5, 34], "uv_size": [-0.5, 0.5]},
								"up": {"uv": [146.5, 37], "uv_size": [-0.5, 0.5]},
								"down": {"uv": [146.5, 38.5], "uv_size": [-0.5, -0.5]}
							}
						},
						{
							"origin": [0.6641, 1.98438, -7],
							"size": [0.2109, 0.41016, 2.57813],
							"inflate": -0.001,
							"pivot": [0.875, 1.98438, -6.8125],
							"rotation": [0, 0, -37],
							"uv": {
								"north": {"uv": [146, 39], "uv_size": [0.5, 0.5]},
								"east": {"uv": [139, 40], "uv_size": [2.5, 0.5]},
								"south": {"uv": [146, 40], "uv_size": [0.5, 0.5]},
								"west": {"uv": [139, 41], "uv_size": [2.5, 0.5]},
								"up": {"uv": [139, 47], "uv_size": [0.5, 2.5]},
								"down": {"uv": [139, 52.5], "uv_size": [0.5, -2.5]}
							}
						},
						{
							"origin": [-0.875, 1.98438, -7.375],
							"size": [0.0859, 0.41016, 0.375],
							"inflate": -0.001,
							"pivot": [-0.875, 1.98438, -7.1875],
							"rotation": [0, 0, 37],
							"uv": {
								"north": {"uv": [146, 33], "uv_size": [0.5, 0.5]},
								"east": {"uv": [146, 34], "uv_size": [0.5, 0.5]},
								"south": {"uv": [146, 35], "uv_size": [0.5, 0.5]},
								"west": {"uv": [146, 36], "uv_size": [0.5, 0.5]},
								"up": {"uv": [146, 37], "uv_size": [0.5, 0.5]},
								"down": {"uv": [146, 38.5], "uv_size": [0.5, -0.5]}
							}
						},
						{
							"origin": [-0.875, 1.07422, -7.375],
							"size": [0.08594, 0.91016, 0.375],
							"uv": {
								"north": {"uv": [144, 106], "uv_size": [0.5, 1]},
								"east": {"uv": [144, 107], "uv_size": [0.5, 1]},
								"south": {"uv": [144, 108], "uv_size": [0.5, 1]},
								"west": {"uv": [144, 109], "uv_size": [0.5, 1]},
								"up": {"uv": [146, 18], "uv_size": [0.5, 0.5]},
								"down": {"uv": [146, 19.5], "uv_size": [0.5, -0.5]}
							}
						},
						{
							"origin": [-0.875, 1.75, -7],
							"size": [1.75, 0.23438, 4.0625],
							"inflate": -0.002,
							"uv": {
								"north": {"uv": [140, 14], "uv_size": [2, 0.5]},
								"east": {"uv": [138, 110], "uv_size": [4, 0.5]},
								"south": {"uv": [140, 15], "uv_size": [2, 0.5]},
								"west": {"uv": [138, 111], "uv_size": [4, 0.5]},
								"up": {"uv": [135, 121], "uv_size": [2, 4]},
								"down": {"uv": [137, 4], "uv_size": [2, -4]}
							}
						},
						{
							"origin": [-0.875, 0.6875, -2.9375],
							"size": [1.75, 1.5, 0.25],
							"pivot": [0, 2.1875, -2.9375],
							"rotation": [-82.25, 0, 0],
							"uv": {
								"north": {"uv": [137, 51], "uv_size": [2, 1.5]},
								"east": {"uv": [142, 108], "uv_size": [0.5, 1.5]},
								"south": {"uv": [137, 53], "uv_size": [2, 1.5]},
								"west": {"uv": [142, 110], "uv_size": [0.5, 1.5]},
								"up": {"uv": [140, 12], "uv_size": [2, 0.5]},
								"down": {"uv": [140, 13.5], "uv_size": [2, -0.5]}
							}
						},
						{
							"origin": [-0.875, 1.75, -2.9375],
							"size": [1.75, 0.4375, 7.9375],
							"uv": {
								"north": {"uv": [139, 95], "uv_size": [2, 0.5]},
								"east": {"uv": [137, 31], "uv_size": [8, 0.5]},
								"south": {"uv": [139, 115], "uv_size": [2, 0.5]},
								"west": {"uv": [137, 32], "uv_size": [8, 0.5]},
								"up": {"uv": [135, 54], "uv_size": [2, 8]},
								"down": {"uv": [135, 70], "uv_size": [2, -8]}
							}
						},
						{
							"origin": [-0.875, 2.1875, -2.9375],
							"size": [1.75, 0.34766, 3.0625],
							"uv": {
								"north": {"uv": [142, 30], "uv_size": [2, 0.5]},
								"east": {"uv": [139, 23], "uv_size": [3, 0.5]},
								"south": {"uv": [142, 33], "uv_size": [2, 0.5]},
								"west": {"uv": [139, 33], "uv_size": [3, 0.5]},
								"up": {"uv": [137, 18], "uv_size": [2, 3]},
								"down": {"uv": [137, 24], "uv_size": [2, -3]}
							}
						},
						{
							"origin": [-0.625, 2.03516, -5.3125],
							"size": [1.25, 0.5, 2.375],
							"pivot": [0, 2.53516, -2.9375],
							"rotation": [5.5, 0, 0],
							"uv": {
								"north": {"uv": [143, 86], "uv_size": [1.5, 0.5]},
								"east": {"uv": [139, 38], "uv_size": [2.5, 0.5]},
								"south": {"uv": [143, 95], "uv_size": [1.5, 0.5]},
								"west": {"uv": [139, 39], "uv_size": [2.5, 0.5]},
								"up": {"uv": [137, 37], "uv_size": [1.5, 2.5]},
								"down": {"uv": [137, 42.5], "uv_size": [1.5, -2.5]}
							}
						},
						{
							"origin": [0.625, 2.17134, -5.30703],
							"size": [0.42578, 0.25, 2.375],
							"pivot": [0.625, 2.42134, -4.11953],
							"rotation": [3.16118, -4.50305, 54.87568],
							"uv": {
								"north": {"uv": [146, 41], "uv_size": [0.5, 0.5]},
								"east": {"uv": [139, 42], "uv_size": [2.5, 0.5]},
								"south": {"uv": [146, 42], "uv_size": [0.5, 0.5]},
								"west": {"uv": [139, 53], "uv_size": [2.5, 0.5]},
								"up": {"uv": [139, 54], "uv_size": [0.5, 2.5]},
								"down": {"uv": [139, 59.5], "uv_size": [0.5, -2.5]}
							}
						},
						{
							"origin": [-1.05078, 2.17134, -5.30703],
							"size": [0.42578, 0.25, 2.375],
							"pivot": [-0.625, 2.42134, -4.11953],
							"rotation": [3.16118, 4.50305, -54.87568],
							"uv": {
								"north": {"uv": [146, 45], "uv_size": [0.5, 0.5]},
								"east": {"uv": [139, 68], "uv_size": [2.5, 0.5]},
								"south": {"uv": [146, 46], "uv_size": [0.5, 0.5]},
								"west": {"uv": [139, 72], "uv_size": [2.5, 0.5]},
								"up": {"uv": [139, 73], "uv_size": [0.5, 2.5]},
								"down": {"uv": [139, 85.5], "uv_size": [0.5, -2.5]}
							}
						},
						{
							"origin": [-0.875, 1.98438, -7],
							"size": [0.2109, 0.41016, 2.57813],
							"inflate": -0.001,
							"pivot": [-0.875, 1.98438, -6.8125],
							"rotation": [0, 0, 37],
							"uv": {
								"north": {"uv": [146.5, 39], "uv_size": [-0.5, 0.5]},
								"east": {"uv": [141.5, 41], "uv_size": [-2.5, 0.5]},
								"south": {"uv": [146.5, 40], "uv_size": [-0.5, 0.5]},
								"west": {"uv": [141.5, 40], "uv_size": [-2.5, 0.5]},
								"up": {"uv": [139.5, 47], "uv_size": [-0.5, 2.5]},
								"down": {"uv": [139.5, 52.5], "uv_size": [-0.5, -2.5]}
							}
						},
						{
							"origin": [-0.625, 1.97266, -7],
							"size": [1.25, 0.33984, 1.75],
							"uv": {
								"north": {"uv": [143, 96], "uv_size": [1.5, 0.5]},
								"east": {"uv": [142, 34], "uv_size": [2, 0.5]},
								"south": {"uv": [143, 97], "uv_size": [1.5, 0.5]},
								"west": {"uv": [142, 35], "uv_size": [2, 0.5]},
								"up": {"uv": [137, 67], "uv_size": [1.5, 2]},
								"down": {"uv": [137, 104], "uv_size": [1.5, -2]}
							}
						},
						{
							"origin": [-0.625, 2.22266, -7.375],
							"size": [1.25, 0.08984, 0.375],
							"uv": {
								"north": {"uv": [143, 98], "uv_size": [1.5, 0.5]},
								"east": {"uv": [146, 16], "uv_size": [0.5, 0.5]},
								"south": {"uv": [143, 102], "uv_size": [1.5, 0.5]},
								"west": {"uv": [146, 17], "uv_size": [0.5, 0.5]},
								"up": {"uv": [143, 103], "uv_size": [1.5, 0.5]},
								"down": {"uv": [143, 104.5], "uv_size": [1.5, -0.5]}
							}
						},
						{
							"origin": [-0.9375, 2.17969, 0.3125],
							"size": [1.875, 0.1875, 4.69922],
							"uv": {
								"north": {"uv": [140, 59], "uv_size": [2, 0.5]},
								"east": {"uv": [138, 98], "uv_size": [4.5, 0.5]},
								"south": {"uv": [140, 62], "uv_size": [2, 0.5]},
								"west": {"uv": [138, 105], "uv_size": [4.5, 0.5]},
								"up": {"uv": [135, 116], "uv_size": [2, 4.5]},
								"down": {"uv": [136, 76.5], "uv_size": [2, -4.5]}
							}
						},
						{
							"origin": [-0.9375, 2.17969, 0.3125],
							"size": [1.875, 3.03906, 0.25],
							"inflate": -0.001,
							"pivot": [0, 2.17969, 0.3125],
							"rotation": [88, 0, 0],
							"uv": {
								"north": {"uv": [137, 12], "uv_size": [2, 3]},
								"east": {"uv": [139, 25], "uv_size": [0.5, 3]},
								"south": {"uv": [137, 15], "uv_size": [2, 3]},
								"west": {"uv": [139, 28], "uv_size": [0.5, 3]},
								"up": {"uv": [142, 28], "uv_size": [2, 0.5]},
								"down": {"uv": [142, 29.5], "uv_size": [2, -0.5]}
							}
						},
						{
							"origin": [-0.9375, 2.36719, -1.4375],
							"size": [1.875, 0.28125, 2.19922],
							"uv": {
								"north": {"uv": [142, 17], "uv_size": [2, 0.5]},
								"east": {"uv": [142, 18], "uv_size": [2, 0.5]},
								"south": {"uv": [142, 23], "uv_size": [2, 0.5]},
								"west": {"uv": [142, 25], "uv_size": [2, 0.5]},
								"up": {"uv": [137, 33], "uv_size": [2, 2]},
								"down": {"uv": [137, 37], "uv_size": [2, -2]}
							}
						},
						{
							"origin": [-0.9375, 1.33594, -1.4375],
							"size": [1.875, 1.3125, 0.25],
							"pivot": [0, 2.64844, -1.4375],
							"rotation": [-85, 0, 0],
							"uv": {
								"north": {"uv": [137, 63], "uv_size": [2, 1.5]},
								"east": {"uv": [143, 91], "uv_size": [0.5, 1.5]},
								"south": {"uv": [137, 65], "uv_size": [2, 1.5]},
								"west": {"uv": [143, 93], "uv_size": [0.5, 1.5]},
								"up": {"uv": [142, 26], "uv_size": [2, 0.5]},
								"down": {"uv": [142, 27.5], "uv_size": [2, -0.5]}
							}
						},
						{
							"origin": [0.57422, 2.1875, 5.01172],
							"size": [0.36328, 0.17969, 1.70313],
							"pivot": [0.9375, 2.27734, 5.01172],
							"rotation": [0, -10.5, 0],
							"uv": {
								"north": {"uv": [145, 98], "uv_size": [0.5, 0.5]},
								"east": {"uv": [143, 0], "uv_size": [1.5, 0.5]},
								"south": {"uv": [145, 102], "uv_size": [0.5, 0.5]},
								"west": {"uv": [143, 3], "uv_size": [1.5, 0.5]},
								"up": {"uv": [143, 4], "uv_size": [0.5, 1.5]},
								"down": {"uv": [143, 10.5], "uv_size": [0.5, -1.5]}
							}
						},
						{
							"origin": [-0.9375, 2.1875, 5.01172],
							"size": [0.36328, 0.17969, 1.70313],
							"pivot": [-0.9375, 2.27734, 5.01172],
							"rotation": [0, 10.5, 0],
							"uv": {
								"north": {"uv": [145, 103], "uv_size": [0.5, 0.5]},
								"east": {"uv": [143, 19], "uv_size": [1.5, 0.5]},
								"south": {"uv": [145, 104], "uv_size": [0.5, 0.5]},
								"west": {"uv": [143, 20], "uv_size": [1.5, 0.5]},
								"up": {"uv": [143, 21], "uv_size": [0.5, 1.5]},
								"down": {"uv": [143, 37.5], "uv_size": [0.5, -1.5]}
							}
						},
						{
							"origin": [-0.625, 2.17969, 5.5625],
							"size": [1.25, 0.19531, 1.125],
							"pivot": [0, 2.375, 6.6875],
							"rotation": [-15, 0, 0],
							"uv": {
								"north": {"uv": [142, 123], "uv_size": [1.5, 0.5]},
								"east": {"uv": [144, 94], "uv_size": [1, 0.5]},
								"south": {"uv": [142, 124], "uv_size": [1.5, 0.5]},
								"west": {"uv": [144, 105], "uv_size": [1, 0.5]},
								"up": {"uv": [139, 21], "uv_size": [1.5, 1]},
								"down": {"uv": [139, 23], "uv_size": [1.5, -1]}
							}
						},
						{
							"origin": [-0.625, 2.08594, 5.5625],
							"size": [1.25, 0.10156, 0.4375],
							"pivot": [0, 2.375, 6.6875],
							"rotation": [-15, 0, 0],
							"uv": {
								"north": {"uv": [143, 57], "uv_size": [1.5, 0.5]},
								"east": {"uv": [145, 107], "uv_size": [0.5, 0.5]},
								"south": {"uv": [143, 58], "uv_size": [1.5, 0.5]},
								"west": {"uv": [145, 108], "uv_size": [0.5, 0.5]},
								"up": {"uv": [143, 69], "uv_size": [1.5, 0.5]},
								"down": {"uv": [143, 83.5], "uv_size": [1.5, -0.5]}
							}
						},
						{
							"origin": [-0.875, 1.625, 4.72656],
							"size": [1.75, 0.5625, 0.27344],
							"inflate": -0.001,
							"pivot": [0, 2.1875, 5],
							"rotation": [37.5, 0, 0],
							"uv": {
								"north": {"uv": [140, 6], "uv_size": [2, 0.5]},
								"east": {"uv": [145, 32], "uv_size": [0.5, 0.5]},
								"south": {"uv": [140, 7], "uv_size": [2, 0.5]},
								"west": {"uv": [145, 33], "uv_size": [0.5, 0.5]},
								"up": {"uv": [140, 8], "uv_size": [2, 0.5]},
								"down": {"uv": [140, 11.5], "uv_size": [2, -0.5]}
							}
						}
					]
				},
				{
					"name": "bone5",
					"parent": "bone",
					"pivot": [0, 1.75, 7.375],
					"rotation": [21.5, 0, 0],
					"cubes": [
						{
							"origin": [-0.5625, 1.75, 7.375],
							"size": [1.125, 0.67578, 0],
							"inflate": -0.001,
							"uv": {
								"north": {"uv": [144, 88], "uv_size": [1, 0.5]},
								"east": {"uv": [0, 0], "uv_size": [0, 0.5]},
								"south": {"uv": [144, 89], "uv_size": [1, 0.5]},
								"west": {"uv": [0, 0], "uv_size": [0, 0.5]},
								"up": {"uv": [0, 0], "uv_size": [1, 0]},
								"down": {"uv": [0, 0], "uv_size": [1, 0]}
							}
						},
						{
							"origin": [-0.875, 1.86719, 7.375],
							"size": [0.26172, 0.61719, 0],
							"pivot": [-0.875, 1.67578, 7.375],
							"rotation": [0, 0, 22.5],
							"uv": {
								"north": {"uv": [145, 80], "uv_size": [0.5, 0.5]},
								"east": {"uv": [0, 0], "uv_size": [0, 0.5]},
								"south": {"uv": [145, 81], "uv_size": [0.5, 0.5]},
								"west": {"uv": [0, 0], "uv_size": [0, 0.5]},
								"up": {"uv": [0, 0], "uv_size": [0.5, 0]},
								"down": {"uv": [0, 0], "uv_size": [0.5, 0]}
							}
						},
						{
							"origin": [0.61328, 1.86719, 7.375],
							"size": [0.26172, 0.61719, 0],
							"pivot": [0.875, 1.67578, 7.375],
							"rotation": [0, 0, -22.5],
							"uv": {
								"north": {"uv": [145, 82], "uv_size": [0.5, 0.5]},
								"east": {"uv": [0, 0], "uv_size": [0, 0.5]},
								"south": {"uv": [145, 83], "uv_size": [0.5, 0.5]},
								"west": {"uv": [0, 0], "uv_size": [0, 0.5]},
								"up": {"uv": [0, 0], "uv_size": [0.5, 0]},
								"down": {"uv": [0, 0], "uv_size": [0.5, 0]}
							}
						}
					]
				},
				{
					"name": "bone3",
					"parent": "bone",
					"pivot": [0.5625, 2.37109, 6.125],
					"rotation": [0, 0, 62.5],
					"cubes": [
						{
							"origin": [0.25, 1.67578, 5],
							"size": [0.3125, 0.69922, 2.125],
							"pivot": [0.5625, 2.375, 6],
							"rotation": [0, 0, -90],
							"uv": {
								"north": {"uv": [145, 46], "uv_size": [0.5, 0.5]},
								"east": {"uv": [140, 30], "uv_size": [2, 0.5]},
								"south": {"uv": [145, 48], "uv_size": [0.5, 0.5]},
								"west": {"uv": [140, 47], "uv_size": [2, 0.5]},
								"up": {"uv": [140, 48], "uv_size": [0.5, 2]},
								"down": {"uv": [140, 52], "uv_size": [0.5, -2]}
							}
						},
						{
							"origin": [1.10547, 2.30469, 7.14453],
							"size": [0.3125, 0.66406, 0.23828],
							"inflate": -0.001,
							"pivot": [1.26172, 2.21875, 7.375],
							"rotation": [20, 0, -90],
							"uv": {
								"north": {"uv": [145, 51], "uv_size": [0.5, 0.5]},
								"east": {"uv": [145, 57], "uv_size": [0.5, 0.5]},
								"south": {"uv": [145, 58], "uv_size": [0.5, 0.5]},
								"west": {"uv": [145, 67], "uv_size": [0.5, 0.5]},
								"up": {"uv": [145, 68], "uv_size": [0.5, 0.5]},
								"down": {"uv": [145, 69.5], "uv_size": [0.5, -0.5]}
							}
						}
					]
				},
				{
					"name": "bone4",
					"parent": "bone",
					"pivot": [-0.5625, 2.37109, 6.125],
					"rotation": [0, 0, -62.5],
					"cubes": [
						{
							"origin": [-0.5625, 1.67578, 5],
							"size": [0.3125, 0.69922, 2.125],
							"pivot": [-0.5625, 2.375, 6],
							"rotation": [0, 0, 90],
							"uv": {
								"north": {"uv": [145, 72], "uv_size": [0.5, 0.5]},
								"east": {"uv": [140, 52], "uv_size": [2, 0.5]},
								"south": {"uv": [145, 73], "uv_size": [0.5, 0.5]},
								"west": {"uv": [140, 54], "uv_size": [2, 0.5]},
								"up": {"uv": [140, 55], "uv_size": [0.5, 2]},
								"down": {"uv": [140, 59], "uv_size": [0.5, -2]}
							}
						},
						{
							"origin": [-1.41797, 2.30469, 7.14453],
							"size": [0.3125, 0.66406, 0.23828],
							"inflate": -0.001,
							"pivot": [-1.26172, 2.21875, 7.375],
							"rotation": [20, 0, 90],
							"uv": {
								"north": {"uv": [145.5, 51], "uv_size": [-0.5, 0.5]},
								"east": {"uv": [145.5, 67], "uv_size": [-0.5, 0.5]},
								"south": {"uv": [145.5, 58], "uv_size": [-0.5, 0.5]},
								"west": {"uv": [145.5, 57], "uv_size": [-0.5, 0.5]},
								"up": {"uv": [145.5, 68], "uv_size": [-0.5, 0.5]},
								"down": {"uv": [145.5, 69.5], "uv_size": [-0.5, -0.5]}
							}
						}
					]
				},
				{
					"name": "bone2",
					"parent": "scope_body",
					"pivot": [0, 0.8125, 0],
					"cubes": [
						{
							"origin": [-0.75, 0.1875, -5.75],
							"size": [1.5, 0.625, 11.25],
							"uv": {
								"north": {"uv": [142, 77], "uv_size": [1.5, 0.5]},
								"east": {"uv": [136, 101], "uv_size": [11.5, 0.5]},
								"south": {"uv": [142, 84], "uv_size": [1.5, 0.5]},
								"west": {"uv": [137, 24], "uv_size": [11.5, 0.5]},
								"up": {"uv": [135, 30], "uv_size": [1.5, 11.5]},
								"down": {"uv": [135, 53.5], "uv_size": [1.5, -11.5]}
							}
						},
						{
							"origin": [-0.75, 0.1875, 4.89453],
							"size": [1.5, 1.98438, 0.60547],
							"inflate": -0.001,
							"pivot": [0, 0.1875, 5.5],
							"rotation": [-77, 0, 0],
							"uv": {
								"north": {"uv": [137, 47], "uv_size": [1.5, 2]},
								"east": {"uv": [139, 102], "uv_size": [0.5, 2]},
								"south": {"uv": [137, 49], "uv_size": [1.5, 2]},
								"west": {"uv": [140, 4], "uv_size": [0.5, 2]},
								"up": {"uv": [142, 88], "uv_size": [1.5, 0.5]},
								"down": {"uv": [142, 90.5], "uv_size": [1.5, -0.5]}
							}
						},
						{
							"origin": [-0.75, 0.1875, -5.75],
							"size": [1.5, 1, 0.49609],
							"inflate": -0.002,
							"pivot": [0, 0.1875, -5.75],
							"rotation": [51.75, 0, 0],
							"uv": {
								"north": {"uv": [139, 19], "uv_size": [1.5, 1]},
								"east": {"uv": [144, 78], "uv_size": [0.5, 1]},
								"south": {"uv": [139, 20], "uv_size": [1.5, 1]},
								"west": {"uv": [144, 79], "uv_size": [0.5, 1]},
								"up": {"uv": [142, 85], "uv_size": [1.5, 0.5]},
								"down": {"uv": [142, 87.5], "uv_size": [1.5, -0.5]}
							}
						}
					]
				},
				{
					"name": "ocular",
					"pivot": [0, 1.3125, 7.375],
					"cubes": [
						{
							"origin": [-0.625, 0.75, 7.375],
							"size": [1.25, 1.125, 0],
							"uv": {
								"south": {"uv": [139, 37], "uv_size": [1.5, 1]}
							}
						}
					]
				},
				{
					"name": "ocular_ring",
					"pivot": [0, 1.37623, 7.30208],
					"cubes": [
						{
							"origin": [0.57422, 0.63672, 7.125],
							"size": [0.17578, 1.27344, 0.3125],
							"uv": {
								"north": {"uv": [142, 91], "uv_size": [0.5, 1.5]},
								"east": {"uv": [142, 93], "uv_size": [0.5, 1.5]},
								"south": {"uv": [142, 96], "uv_size": [0.5, 1.5]},
								"west": {"uv": [142, 102], "uv_size": [0.5, 1.5]},
								"up": {"uv": [145, 22], "uv_size": [0.5, 0.5]},
								"down": {"uv": [145, 25.5], "uv_size": [0.5, -0.5]}
							}
						},
						{
							"origin": [-0.57422, 0.63672, 7.125],
							"size": [1.14844, 0.21094, 0.3125],
							"uv": {
								"north": {"uv": [145, 15], "uv_size": [1, 0.5]},
								"east": {"uv": [147, 5], "uv_size": [0.5, 0.5]},
								"south": {"uv": [145, 16], "uv_size": [1, 0.5]},
								"west": {"uv": [147, 6], "uv_size": [0.5, 0.5]},
								"up": {"uv": [145, 17], "uv_size": [1, 0.5]},
								"down": {"uv": [145, 19.5], "uv_size": [1, -0.5]}
							}
						},
						{
							"origin": [-0.6875, 0.80859, 7.125],
							"size": [0.08203, 0.03906, 0.3125],
							"pivot": [-0.5625, 0.74219, 7.28125],
							"rotation": [0, 0, 45],
							"uv": {
								"north": {"uv": [147, 7], "uv_size": [0.5, 0.5]},
								"east": {"uv": [147, 8], "uv_size": [0.5, 0.5]},
								"south": {"uv": [147, 9], "uv_size": [0.5, 0.5]},
								"west": {"uv": [147, 10], "uv_size": [0.5, 0.5]},
								"up": {"uv": [147, 11], "uv_size": [0.5, 0.5]},
								"down": {"uv": [147, 12.5], "uv_size": [0.5, -0.5]}
							}
						},
						{
							"origin": [0.60547, 0.80859, 7.125],
							"size": [0.08203, 0.03906, 0.3125],
							"pivot": [0.5625, 0.74219, 7.28125],
							"rotation": [0, 0, -45],
							"uv": {
								"north": {"uv": [147, 13], "uv_size": [0.5, 0.5]},
								"east": {"uv": [147, 14], "uv_size": [0.5, 0.5]},
								"south": {"uv": [147, 15], "uv_size": [0.5, 0.5]},
								"west": {"uv": [147, 16], "uv_size": [0.5, 0.5]},
								"up": {"uv": [147, 17], "uv_size": [0.5, 0.5]},
								"down": {"uv": [147, 18.5], "uv_size": [0.5, -0.5]}
							}
						},
						{
							"origin": [-0.75, 0.63672, 7.125],
							"size": [0.17578, 1.27344, 0.3125],
							"uv": {
								"north": {"uv": [144, 67], "uv_size": [0.5, 1.5]},
								"east": {"uv": [144, 72], "uv_size": [0.5, 1.5]},
								"south": {"uv": [144, 74], "uv_size": [0.5, 1.5]},
								"west": {"uv": [144, 76], "uv_size": [0.5, 1.5]},
								"up": {"uv": [147, 3], "uv_size": [0.5, 0.5]},
								"down": {"uv": [147, 4.5], "uv_size": [0.5, -0.5]}
							}
						},
						{
							"origin": [-0.625, 0.76172, 7.1875],
							"size": [1.25, 0.0625, 0.3125],
							"uv": {
								"north": {"uv": [144, 59], "uv_size": [1.5, 0.5]},
								"east": {"uv": [146, 122], "uv_size": [0.5, 0.5]},
								"south": {"uv": [144, 60], "uv_size": [1.5, 0.5]},
								"west": {"uv": [146, 123], "uv_size": [0.5, 0.5]},
								"up": {"uv": [144, 61], "uv_size": [1.5, 0.5]},
								"down": {"uv": [144, 62.5], "uv_size": [1.5, -0.5]}
							}
						},
						{
							"origin": [-0.625, 1.84766, 7.1875],
							"size": [1.25, 0.0625, 0.3125],
							"uv": {
								"north": {"uv": [144, 63], "uv_size": [1.5, 0.5]},
								"east": {"uv": [146, 124], "uv_size": [0.5, 0.5]},
								"south": {"uv": [144, 64], "uv_size": [1.5, 0.5]},
								"west": {"uv": [147, 0], "uv_size": [0.5, 0.5]},
								"up": {"uv": [144, 65], "uv_size": [1.5, 0.5]},
								"down": {"uv": [144, 66.5], "uv_size": [1.5, -0.5]}
							}
						},
						{
							"origin": [0.625, 0.76172, 7.1875],
							"size": [0.0625, 1.14844, 0.3125],
							"uv": {
								"north": {"uv": [145, 7], "uv_size": [0.5, 1]},
								"east": {"uv": [145, 8], "uv_size": [0.5, 1]},
								"south": {"uv": [145, 9], "uv_size": [0.5, 1]},
								"west": {"uv": [145, 10], "uv_size": [0.5, 1]},
								"up": {"uv": [146, 120], "uv_size": [0.5, 0.5]},
								"down": {"uv": [146, 121.5], "uv_size": [0.5, -0.5]}
							}
						},
						{
							"origin": [-0.6875, 0.76172, 7.1875],
							"size": [0.0625, 1.14844, 0.3125],
							"uv": {
								"north": {"uv": [145, 11], "uv_size": [0.5, 1]},
								"east": {"uv": [145, 12], "uv_size": [0.5, 1]},
								"south": {"uv": [145, 13], "uv_size": [0.5, 1]},
								"west": {"uv": [145, 14], "uv_size": [0.5, 1]},
								"up": {"uv": [147, 1], "uv_size": [0.5, 0.5]},
								"down": {"uv": [147, 2.5], "uv_size": [0.5, -0.5]}
							}
						},
						{
							"origin": [0.24609, 1.81641, 7.125],
							"size": [0.22266, 0.46875, 0.3125],
							"inflate": -0.001,
							"pivot": [0.46875, 2.28516, 7.28125],
							"rotation": [0, 0, -36.75],
							"uv": {
								"north": {"uv": [145, 86], "uv_size": [0.5, 0.5]},
								"east": {"uv": [145, 87], "uv_size": [0.5, 0.5]},
								"south": {"uv": [145, 88], "uv_size": [0.5, 0.5]},
								"west": {"uv": [145, 89], "uv_size": [0.5, 0.5]},
								"up": {"uv": [145, 90], "uv_size": [0.5, 0.5]},
								"down": {"uv": [145, 91.5], "uv_size": [0.5, -0.5]}
							}
						},
						{
							"origin": [-0.46875, 1.90625, 7.125],
							"size": [0.9375, 0.37891, 0.3125],
							"uv": {
								"north": {"uv": [144, 90], "uv_size": [1, 0.5]},
								"east": {"uv": [145, 84], "uv_size": [0.5, 0.5]},
								"south": {"uv": [144, 91], "uv_size": [1, 0.5]},
								"west": {"uv": [145, 85], "uv_size": [0.5, 0.5]},
								"up": {"uv": [144, 92], "uv_size": [1, 0.5]},
								"down": {"uv": [144, 93.5], "uv_size": [1, -0.5]}
							}
						},
						{
							"origin": [-0.46875, 1.81641, 7.125],
							"size": [0.22266, 0.46875, 0.3125],
							"inflate": -0.001,
							"pivot": [-0.46875, 2.28516, 7.28125],
							"rotation": [0, 0, 36.75],
							"uv": {
								"north": {"uv": [145.5, 86], "uv_size": [-0.5, 0.5]},
								"east": {"uv": [145.5, 89], "uv_size": [-0.5, 0.5]},
								"south": {"uv": [145.5, 88], "uv_size": [-0.5, 0.5]},
								"west": {"uv": [145.5, 87], "uv_size": [-0.5, 0.5]},
								"up": {"uv": [145.5, 90], "uv_size": [-0.5, 0.5]},
								"down": {"uv": [145.5, 91.5], "uv_size": [-0.5, -0.5]}
							}
						}
					]
				},
				{
					"name": "division",
					"pivot": [-0.00875, 1.12688, -130.325],
					"cubes": [
						{
							"origin": [-26.29375, -24.82812, -130.45],
							"size": [52.375, 52.375, 0.25],
							"uv": {
								"south": {"uv": [0, 125], "uv_size": [52.5, 52.5]}
							}
						},
						{
							"origin": [-93, -61.725, -130.45],
							"size": [66.85, 125.125, 0.25],
							"uv": {
								"south": {"uv": [68, 0], "uv_size": [67, 125]}
							}
						},
						{
							"origin": [25.875, -61.4, -130.45],
							"size": [67.475, 124.7, 0.25],
							"uv": {
								"south": {"uv": [0, 0], "uv_size": [67.5, 124.5]}
							}
						},
						{
							"origin": [-27.025, 27, -130.45],
							"size": [54.075, 36, 0.25],
							"uv": {
								"south": {"uv": [53, 125], "uv_size": [54, 36]}
							}
						},
						{
							"origin": [-27.025, -60.475, -130.45],
							"size": [54.075, 35.925, 0.25],
							"uv": {
								"south": {"uv": [107, 125], "uv_size": [54, 36]}
							}
						}
					]
				},
				{
					"name": "scope_view",
					"pivot": [0, 1.4375, 10.25]
				}
			]
		}
	]
}